Название организации;Город;Телефон;Ссылка на сайт;Соц. сети
Юридическая консультация Галиной Натальи; Самара;+7 (993) 993-70-43;https://jurist163.ru/;[[' viber', 'https://viber.click/79272603899'], [' vkontakte', 'https://vk.com/club22200721'], [' whatsapp', 'https://wa.me/79272603899'], [' youtube', 'https://www.youtube.com/watch?v=uwjQZDODB6o']]
Юридические услуги; Одинцово;+7 (925) 175-15-73;https://malkin.house/;[[' telegram', 'https://t.me/+79251751573'], [' viber', 'https://viber.click/79251751573'], [' vkontakte', 'https://vk.com/malkinsa'], [' whatsapp', 'https://wa.me/79251751573'], [' youtube', 'https://www.youtube.com/watch?v=ItzVC3RpWoI']]
ЮристЪ; Орск;+7 (3532) 48-66-02;https://oooyurist56.ru/;[[' vkontakte', 'https://vk.com/yurist_36_37_38'], [' whatsapp', 'https://wa.me/79292806569']]
Центр Юридических Услуг; Краснодар;+7 (993) 992-50-82;https://цюу.рф/;[[' telegram', 'https://t.me/89280444407'], [' viber', 'https://viber.click/79280444407'], [' whatsapp', 'https://wa.me/89280444407']]
ЮрПом; Нижний Новгород;+7 (831) 211-96-23;https://юридическая-помощь-нн.рф/;[[' telegram', 'https://t.me/urpom_rf'], [' viber', 'https://viber.click/79107906940'], [' vkontakte', 'https://vk.com/urpomrf'], [' whatsapp', 'https://wa.me/79107906940'], [' youtube', 'https://youtube.com/@user-rr2ik8zf7s/featured']]
Юридическая группа Никиты Кулачкина; Балашиха;+7 (926) 263-07-41;https://kulachkin.ru/;[[' telegram', 'https://t.me/kulachkin'], [' viber', 'https://viber.click/89262630741'], [' vkontakte', 'https://vk.com/kulaki'], [' whatsapp', 'https://wa.me/89262630741'], [' youtube', 'https://www.youtube.com/@kulachkin/']]
Юридическая компания Ваше Право; Электросталь;+7 (958) 577-63-61;http://www.vashe.su/;[[' vkontakte', 'https://vk.com/ru_lawyers']]
Бизнес-Юрист; Уфа;8 (800) 600-37-40;https://b-urist.ru/?utm_source=map;[[' ok', 'https://ok.ru/burist'], [' telegram', 'https://t.me/bankrotstvo_grazhdann'], [' vkontakte', 'https://vk.com/bankrotstvo_grazhdan'], [' youtube', 'https://www.youtube.com/channel/UCCCkQ5vJhZrWLoWUpESMT2A']]
Бизнес-Юрист; Челябинск;8 (800) 600-37-40;https://b-urist.ru/?utm_source=map;[[' ok', 'https://ok.ru/burist'], [' telegram', 'https://t.me/bankrotstvo_grazhdann'], [' vkontakte', 'https://vk.com/bankrotstvo_grazhdan'], [' youtube', 'https://www.youtube.com/channel/UCCCkQ5vJhZrWLoWUpESMT2A']]
Бюро юридических услуг; Москва;+7 (495) 715-66-36;http://www.бюроюруслуг.рф/;[[' telegram', 'https://t.me/Elena_S_Klevtsova'], [' whatsapp', 'https://wa.me/79250484343']]
Международное юридическое бюро; 10;8 (800) 770-74-73;https://ilo-co.com/;[[' telegram', 'https://t.me/irek_safin'], [' vkontakte', 'https://vk.com/ilo_russia']]
Право на Защиту; корп. 5;+7 (812) 942-69-66;https://asp.spb.ru/;[[' ok', 'http://ok.ru/vadim.gadetsky'], [' youtube', 'http://youtube.com/c/%D0%BF%D1%80%D0%B0%D0%B2%D0%BE%D0%BD%D0%B0%D0%B7%D0%B0%D1%89%D0%B8%D1%82%D1%83'], [' telegram', 'https://t.me/+7(921)942-69-66'], [' viber', 'https://viber.click/79219426966'], [' vkontakte', 'https://vk.com/public177940454'], [' whatsapp', 'https://wa.me/79219426966']]
Юридическая компания Aqurat; 13;+7 (904) 551-79-35;http://company.aqurat-spb.ru/;[[' vkontakte', 'https://vk.com/yurist_v_spb'], [' whatsapp', 'https://wa.me/79045517935']]
Юридические услуги; Гомель;+375 44 593-94-52;http://jurist-gomel.by/;[[' viber', 'https://viber.click/375298395245'], [' whatsapp', 'https://wa.me/375298395245']]
Бизнес-Юрист; Екатеринбург;8 (800) 600-38-44;;[[' ok', 'https://ok.ru/burist'], [' telegram', 'https://t.me/bankrotstvo_grazhdann'], [' vkontakte', 'https://vk.com/bankrotstvo_grazhdan'], [' youtube', 'https://www.youtube.com/channel/UCCCkQ5vJhZrWLoWUpESMT2A']]
Мой Источник Права; Москва;+7 (499) 325-31-21;https://advokat-malov.ru/;[[' telegram', 'https://t.me/law_mip_bot'], [' vkontakte', 'https://vk.com/mipconsult'], [' youtube', 'https://www.youtube.com/channel/UCZQM0V9-F3fSXP9eqIMsDbw']]
Юридические услуги - Юристы 24/7; Белгород;+7 (930) 086-18-85;https://www.arbitr-rf.ru/;[[' telegram', 'https://t.me/M_M_S_31'], [' vkontakte', 'https://vk.com/m.urist'], [' whatsapp', 'https://wa.me/79300861885']]
Международное юридическое бюро; Казань;8 (800) 770-74-73;https://ilo-co.com/;[]
Юридическая компания Сергей Дадашьянц и партнеры; Саранск;+7 (8342) 30-79-90;;[]
Адвокат Ивлев Сергей Сергеевич; Оренбург;+7 (3532) 29-61-71;http://advokativlev.ru/;[[' telegram', 'https://t.me/+79123512642'], [' viber', 'https://viber.click/79123512642'], [' vkontakte', 'https://vk.com/advokat_ivlev'], [' whatsapp', 'https://wa.me/79123512642'], [' youtube', 'https://www.youtube.com/channel/UCx7IcrwL--WjiMB9OKLXLHg']]
БоссБанкрот; Уфа;+7 (927) 945-47-03;https://bossbankrot.ru/;[[' telegram', 'https://t.me/bossbankrot'], [' vkontakte', 'https://vk.com/probankrotctvo'], [' whatsapp', 'https://wa.me/79279454703'], [' youtube', 'https://youtube.com/@Bossbankrot']]
Юридический центр; Железногорск;+7 (961) 169-30-00;https://1юц.рф/;[[' ok', 'https://ok.ru/group/54425940263093'], [' vkontakte', 'https://vk.com/uc_ivanov'], [' youtube', 'https://www.youtube.com/channel/UCPCOMpc0_SUhtpr43Jwf51Q']]
Казанский юридический центр; Казань;;http://www.5188888.ru/;[]
Правовой Аспект; Саратов;+7 (8452) 98-59-18;https://юрзащита-саратов.рф/;[[' ok', 'https://ok.ru/profile/582622546920'], [' vkontakte', 'https://vk.com/id791280788'], [' whatsapp', 'https://wa.me/79053814309']]
Юридический центр; Орёл;+7 (993) 398-60-79;https://1юц.рф/;[[' ok', 'https://ok.ru/group/54425940263093'], [' vkontakte', 'https://vk.com/uc_ivanov'], [' youtube', 'https://www.youtube.com/channel/UCPCOMpc0_SUhtpr43Jwf51Q']]
Семейный юрист; Саратов;+7 (929) 776-67-77;https://semejnyj-jurist-ulitsa-imeni-kp-panchenko.clients.site/;[[' vkontakte', 'https://vk.com/sempravo']]
Юрфирма Лекс; Тольятти;+7 (8482) 51-55-30;http://zakon-63.ru/;[]
Международное юридическое бюро; Альметьевск;8 (800) 770-74-73;https://ilo-co.com/;[[' vkontakte', 'https://vk.com/ilo_russia']]
Центр правовой защиты и консультирования; Нижний Новгород;+7 (910) 385-75-29;http://www.urnn.ru/;[[' viber', 'https://viber.click/79103857529'], [' vkontakte', 'https://vk.com/club180079061'], [' whatsapp', 'https://wa.me/79103857529']]
Юридические услуги; Саранск;+7 (917) 069-01-64;https://juridicheskie-uslugi-prospekt-lenina.clients.site/;[[' viber', 'https://viber.click/79648510777'], [' vkontakte', 'https://vk.com/saransk.yurist']]
Юридическая защита; Балашиха;+7 (903) 005-40-24;https://juridicheskaja-zaschita-parkovaja-ulitsa.clients.site/;[[' ok', 'https://ok.ru/yuridicheskaya.zashchita'], [' telegram', 'https://t.me/79030054024'], [' viber', 'https://viber.click/79030054024'], [' vkontakte', 'https://vk.com/id616940904'], [' whatsapp', 'https://wa.me/79030054024'], [' youtube', 'https://www.youtube.com/channel/UCIOELWEkWdaB0pB3Ti5QQcA']]
Юристы; Подольск;+7 (909) 905-22-66;http://lcprus.ru/;[]
Центр Защиты Права; Саратов;+7 (8452) 25-92-25;http://czprav.ru/;[[' telegram', 'https://t.me/79372259225'], [' viber', 'https://viber.click/79372259225'], [' vkontakte', 'https://vk.com/id664953207'], [' whatsapp', 'https://wa.me/79372259225']]
Департамент правовых услуг; Москва;+7 (499) 455-31-57;https://юрконсультация24.дпу.москва/?utm_campaign=yandex-bisness_contact&utm_medium=cpc&utm_source=yandex-business;[[' youtube', 'https://www.youtube.com/channel/UC2G7W2uJ_yasnGsY_bfRQVQ/featured?view_as=subscriber']]
Нетдолгофф; Саратов;+7 (937) 254-53-71;https://saratov.netdolgoff.ru/;[[' telegram', 'https://t.me/89085591822'], [' viber', 'https://viber.click/79085591822'], [' vkontakte', 'https://vk.com/netdolgoff_rf'], [' whatsapp', 'https://wa.me/79085591822'], [' youtube', 'https://www.youtube.com/c/netdolgoff']]
Бизнес Юрист; Саратов;8 (800) 600-37-40;https://b-urist.ru/;[[' ok', 'https://ok.ru/burist'], [' telegram', 'https://t.me/bankrotstvo_grazhdann'], [' vkontakte', 'https://vk.com/bankrotstvo_grazhdan'], [' youtube', 'https://www.youtube.com/channel/UCCCkQ5vJhZrWLoWUpESMT2A']]
Юрист Адвокатов Сергей Александрович; Балаково;+7 (937) 801-02-26;;[[' ok', 'https://ok.ru/profile/574440244613'], [' viber', 'https://viber.click/89378010226'], [' vkontakte', 'https://vk.com/balakovo_jurist'], [' whatsapp', 'https://wa.me/89378010226']]
Бизнес-Юрист; Казань;8 (800) 700-34-03;;[[' ok', 'https://ok.ru/burist'], [' telegram', 'https://t.me/bankrotstvo_grazhdann'], [' vkontakte', 'https://vk.com/bankrotstvo_grazhdan'], [' youtube', 'https://www.youtube.com/channel/UCCCkQ5vJhZrWLoWUpESMT2A']]
Юридический центр ЭкаЛекс; Москва;+7 (499) 394-24-44;http://www.экалекс.рф/;[[' telegram', 'https://t.me/+vEFibUySmiNhNGM6'], [' whatsapp', 'https://wa.me/79653942444']]
Юридический центр; Воронеж;+7 (993) 398-60-79;https://1юц.рф/;[[' ok', 'https://ok.ru/group/54425940263093'], [' vkontakte', 'https://vk.com/uc_ivanov'], [' youtube', 'https://www.youtube.com/channel/UCPCOMpc0_SUhtpr43Jwf51Q']]
ЮриуС; Нижний Новгород;+7 (831) 416-14-06;http://юриус.рф/;[[' telegram', 'https://t.me/www_urius_net'], [' viber', 'https://viber.click/79056661406'], [' vkontakte', 'https://vk.com/urius_net'], [' whatsapp', 'https://wa.me/79056661406'], [' youtube', 'https://www.youtube.com/channel/UCzBcMTLe-_dRdYNYzNKIJhQ/videos?shelf_id=0&sort=dd']]
Юридические услуги; п. г. т. Серебряные Пруды;+7 (915) 386-41-13;https://isaenkoipartnery.ru/;[[' viber', 'https://viber.click/79153864113'], [' whatsapp', 'https://wa.me/79153864113'], [' youtube', 'https://www.youtube.com/watch?v=RUgppXRJJ5U']]
ЮрЦентр; Саранск;+7 (902) 230-03-05 (доб. +79510512777);https://centr340305.business.site/?m=true;[[' vkontakte', 'http://vk.com/clubcentr340305'], [' ok', 'https://ok.ru/centr340305'], [' viber', 'https://viber.click/79271851777'], [' whatsapp', 'https://wa.me/79510512777'], [' youtube', 'https://www.youtube.com/channel/UCOabF-d5wo28myfJ9kKuuwg']]
Шартдинов и партнеры; Ульяновск;+7 (8422) 70-03-60;http://юристы-ульяновска.рф/;[[' ok', 'https://ok.ru/shartdinov'], [' telegram', 'https://t.me/+79272703452'], [' viber', 'https://viber.click/79272703452'], [' vkontakte', 'https://vk.com/juristu_ulyanovska'], [' whatsapp', 'https://wa.me/79272703452'], [' youtube', 'https://www.youtube.com/channel/UC-EitL1Tavpri4_mSwakSEg']]
Заря; Пенза;+7 (8412) 23-48-62;https://zarya.ru/;[[' ok', 'https://ok.ru/company.Zarya'], [' telegram', 'https://t.me/company_zennit'], [' vkontakte', 'https://vk.com/company.Zarya'], [' youtube', 'https://www.youtube.com/channel/UCyeIt8rxVlwD9Zm6YFMLLUg']]
Адвокаты Юристы; Балашиха;+7 (495) 138-27-37;http://юристбалашиха.рф/;[[' ok', 'https://ok.ru/profile/564125284227'], [' vkontakte', 'https://vk.com/advokat1815']]
Вектор Прайм; Москва;+7 (495) 212-10-27;https://mpcvector.ru/;[[' telegram', 'https://t.me/+79152121027'], [' viber', 'https://viber.click/84952121027'], [' vkontakte', 'https://vk.com/mpcvector'], [' whatsapp', 'https://wa.me/84952121027'], [' youtube', 'https://www.youtube.com/channel/UCcdQziEnnN4i7vxS7BzSpUA']]
Коллегия Юристов; Калуга;+7 (953) 335-14-33;http://kollegia-uristov40.ru/;[[' telegram', 'https://t.me/+79533351433'], [' viber', 'https://viber.click/89533351433'], [' vkontakte', 'https://vk.com/kollegia_uristov_pub40'], [' whatsapp', 'https://wa.me/79533351433']]
Юридический центр; Белгород;+7 (993) 398-60-79;https://1юц.рф/;[[' ok', 'http://ok.ru/group/54425940263093'], [' youtube', 'http://youtube.com/channel/UCPCOMpc0_SUhtpr43Jwf51Q'], [' vkontakte', 'https://vk.com/uc_ivanov']]
Правовой центр; Москва;+7 (495) 799-28-35;http://juridic-consult.ru/;[[' viber', 'https://viber.click/79258447111'], [' vkontakte', 'https://vk.com/id301649198'], [' whatsapp', 'https://wa.me/79258447111']]
Юридические услуги; Зеленодольск;+7 (917) 922-05-34;https://juristzd.turbo.site/;[]
ЮриуС; Нижний Новгород;+7 (831) 413-11-86;http://юриус.рф/;[[' telegram', 'https://t.me/www_urius_net'], [' viber', 'https://viber.click/79056661406'], [' vkontakte', 'https://vk.com/urius_net'], [' whatsapp', 'https://wa.me/79056661406'], [' youtube', 'https://www.youtube.com/channel/UCzBcMTLe-_dRdYNYzNKIJhQ/videos?shelf_id=0&sort=dd']]
Правовой ответ; Саранск;+7 (937) 671-70-64;https://правовой-ответ.рф/;[[' youtube', 'http://youtube.com/channel/UCFHbtXdaTJMENhVVu2O-iNQ'], [' telegram', 'https://t.me/pravovoy_otvet'], [' viber', 'https://viber.click/79376717064'], [' vkontakte', 'https://vk.com/yurist_13'], [' whatsapp', 'https://wa.me/79376717064']]
Юрист и Право; Москва;+7 (495) 132-09-92;http://uristpravo.ru/;[[' vkontakte', 'http://vk.com/club131247438'], [' telegram', 'https://t.me/+79912311314'], [' whatsapp', 'https://wa.me/79912311314']]
Юридический кабинет Полозова Е. Н.; Москва;+7 (925) 919-55-65;http://regforma.ru/;[[' telegram', 'https://t.me/regforma']]
Бизнес-Юрист; Тольятти;8 (800) 600-37-40;;[[' ok', 'https://ok.ru/burist'], [' telegram', 'https://t.me/bankrotstvo_grazhdann'], [' vkontakte', 'https://vk.com/bankrotstvo_grazhdan'], [' youtube', 'https://www.youtube.com/channel/UCCCkQ5vJhZrWLoWUpESMT2A']]
Давыдов и партнёры; Москва;+7 (495) 136-50-00;http://www.advokatdavidov.ru/;[[' ok', 'https://ok.ru/advokatdavidov'], [' telegram', 'https://t.me/+7'], [' viber', 'https://viber.click/79660010303'], [' vkontakte', 'https://vk.com/advokatdavidov'], [' whatsapp', 'https://wa.me/79660010303']]
Юридический кабинет Братьев Болтуновых; Мытищи;+7 (495) 120-08-48;https://myt-pravo.ru/;[[' vkontakte', 'https://vk.com/law_company'], [' whatsapp', 'https://wa.me/79269118821'], [' youtube', 'https://www.youtube.com/channel/UCuKikfVpV6gx-wX6f35kAzg']]
Юмфц; Саратов;+7 (8452) 99-10-26;https://www.urist-64.ru/;[[' viber', 'https://viber.click/79372655696'], [' vkontakte', 'https://vk.com/urist_64'], [' whatsapp', 'https://wa.me/79372655696']]
Центурион; Самара;+7 (846) 219-23-33;https://centurion63.ru/?utm_campaign=stnd&utm_medium=btn&utm_source=bussinescard;[[' ok', 'https://ok.ru/bankrotctvo163'], [' vkontakte', 'https://vk.com/centurion_63']]
Адвокат и юрист Кузнецов Александр Сергеевич; Зеленоградский административный округ;+7 (495) 664-35-09;https://chastniy-advokat.ru/;[[' ok', 'https://ok.ru/group/61158107447349'], [' telegram', 'https://t.me/89587770990'], [' viber', 'https://viber.click/79587770990'], [' vkontakte', 'https://vk.com/advokat_v_zelenograde'], [' whatsapp', 'https://wa.me/89587770990']]
Юрист073; Ульяновск;+7 (927) 800-70-70;;[[' viber', 'https://viber.click/79278007070'], [' whatsapp', 'https://wa.me/79372757401']]
МаксимА; Владимир;+7 (4922) 53-11-11;https://maxima33.ru/;[[' vkontakte', 'https://vk.com/uamaxima33']]
Ассоциация Юристов ЕС; Подольск;+7 (906) 700-72-50;http://association-lawyers.ru/;[[' telegram', 'https://t.me/associationlawyers'], [' viber', 'https://viber.click/79067007250'], [' vkontakte', 'https://vk.com/association.lawyers']]
Лидер; Красногорск;8 (800) 700-88-71;https://www.up-leader.ru/;[[' vkontakte', 'http://vk.com/lawyers.leader'], [' telegram', 'https://t.me/+79687802797'], [' viber', 'https://viber.click/79687802797'], [' whatsapp', 'https://wa.me/79687802797']]
Заря; Самара;+7 (846) 211-06-15;https://zarya.ru/;[[' ok', 'https://ok.ru/company.Zarya'], [' telegram', 'https://t.me/company_zennit'], [' vkontakte', 'https://vk.com/company.Zarya'], [' youtube', 'https://www.youtube.com/channel/UCyeIt8rxVlwD9Zm6YFMLLUg']]
Справедливость; Чебоксары;+7 (967) 796-77-99;https://kuchekeev-ruslan.ru/;[[' telegram', 'https://t.me/Ruslan_kuchekeev'], [' viber', 'https://viber.click/89677967799'], [' vkontakte', 'https://vk.com/public104018061'], [' whatsapp', 'https://wa.me/79677967799']]
Юридическая фирма Гриб Роман и Партнеры; Волгоград;+7 (904) 775-50-02;http://gribroman.ru/;[[' telegram', 'https://t.me/79047755002'], [' viber', 'https://viber.click/79047755002'], [' vkontakte', 'https://vk.com/gribroman'], [' whatsapp', 'https://wa.me/79047755002']]
Адвокаты Юристы; Ногинск;+7 (966) 019-48-43;https://yuristnoginsk.ru/;[[' ok', 'https://ok.ru/profile/564125284227'], [' vkontakte', 'https://vk.com/club61173441']]
Юридический центр Букалова В. В.; Таганрог;+7 (928) 199-34-04;https://advokaty-bukalova.ru/;[[' vkontakte', 'https://vk.com/public182656228'], [' whatsapp', 'https://wa.me/89281993404']]
Юридический супермаркет; Ярославль;+7 (4852) 60-74-07;https://urmarket.ru/;[[' ok', 'https://ok.ru/urmarket'], [' telegram', 'https://t.me/74852607499'], [' vkontakte', 'https://vk.com/urmarket'], [' whatsapp', 'https://wa.me/78001014535']]
Юридическое бюро Замоскворечье; Москва;+7 (495) 545-10-99;http://justtime.ru/;[[' telegram', 'https://t.me/+79163032323'], [' whatsapp', 'https://wa.me/79163032323']]
Ивановский центр защиты прав, свобод и законных интересов граждан; Иваново;+7 (906) 513-21-41;https://ivanovskij-tsentr-zaschity.clients.site/;[[' vkontakte', 'https://vk.com/id372339751']]
Большое дело; Орёл;+7 (930) 777-08-15;https://orel.bolshoedelo.com/;[[' ok', 'https://ok.ru/bolshoedelo'], [' telegram', 'https://t.me/Bolshoedelo1'], [' vkontakte', 'https://vk.com/lawcentreru'], [' whatsapp', 'https://wa.me/79103027202'], [' youtube', 'https://www.youtube.com/channel/UCoEkt7lgW6PdCxS_9WbztTg/']]
Вектор Прайм; Москва;+7 (495) 212-10-27;https://mpcvector.ru/;[[' telegram', 'https://t.me/+79152121027'], [' viber', 'https://viber.click/84952121027'], [' vkontakte', 'https://vk.com/mpcvector'], [' whatsapp', 'https://wa.me/84952121027'], [' youtube', 'https://www.youtube.com/channel/UCcdQziEnnN4i7vxS7BzSpUA']]
Бизнес-Юрист; Самара;8 (800) 600-37-40;;[[' ok', 'https://ok.ru/burist'], [' telegram', 'https://t.me/bankrotstvo_grazhdann'], [' vkontakte', 'https://vk.com/bankrotstvo_grazhdan'], [' youtube', 'https://www.youtube.com/channel/UCCCkQ5vJhZrWLoWUpESMT2A']]
Юридическая консультация Митино; Москва;+7 (926) 738-34-09;https://юристы-митино.рф/;[[' whatsapp', 'https://wa.me/79267383409']]
Бизнес-Юрист; Саранск;8 (800) 600-37-40;;[[' ok', 'https://ok.ru/burist'], [' telegram', 'https://t.me/bankrotstvo_grazhdann'], [' vkontakte', 'https://vk.com/bankrotstvo_grazhdan'], [' youtube', 'https://www.youtube.com/channel/UCCCkQ5vJhZrWLoWUpESMT2A']]
Юрист Чистяков К. В.; Лобня;+7 (495) 517-48-30;;[[' ok', 'https://ok.ru/profile/417596240'], [' telegram', 'https://t.me/kvch49'], [' viber', 'https://viber.click/79099451210'], [' vkontakte', 'https://vk.com/id6630712'], [' whatsapp', 'https://wa.me/79099451210']]
Юрист-Гарант; Нижний Новгород;+7 (920) 076-53-96;https://urist-garant.ru/;[[' vkontakte', 'http://vk.com/club80409342'], [' telegram', 'https://t.me/79290534470'], [' viber', 'https://viber.click/79290534470'], [' whatsapp', 'https://wa.me/79290534470']]
Юридическая Ассоциация; Йошкар-Ола;+7 (8362) 20-01-01;https://юристо.рф/;[[' ok', 'https://ok.ru/uristo'], [' telegram', 'https://t.me/uristola'], [' vkontakte', 'https://vk.com/uristo_rf'], [' whatsapp', 'https://wa.me/79024300101']]
Юрист; Павловский Посад;+7 (901) 469-47-82;http://www.yuristpp.ru/;[[' whatsapp', 'https://wa.me/79153379337']]
Центр юридической поддержки; Жуковский;+7 (901) 147-57-58;http://uf-partner.com/;[[' telegram', 'https://t.me/+79266108377'], [' vkontakte', 'https://vk.com/ufpartner'], [' whatsapp', 'https://wa.me/79266108377']]
Бизнес-Юрист; Тольятти;8 (800) 600-37-40;;[[' ok', 'https://ok.ru/burist'], [' telegram', 'https://t.me/bankrotstvo_grazhdann'], [' vkontakte', 'https://vk.com/bankrotstvo_grazhdan'], [' youtube', 'https://youtube.com/channel/UCCCkQ5vJhZrWLoWUpESMT2A']]
Ютрэйд - юридические услуги. Банкротство; Альметьевск;+7 (8553) 43-83-83;;[[' vkontakte', 'https://vk.com/juristvzakone']]
Юридическое агентство Кулянковой Евгении; Пушкино;+7 (903) 130-45-60;http://kulyankova.ru/;[[' ok', 'https://ok.ru/group/54318497005640'], [' vkontakte', 'https://vk.com/public166422534'], [' whatsapp', 'https://wa.me/79031304560']]
Правовой эксперт; Фрязино;+7 (495) 587-30-10;https://правовой-эксперт.рф/;[[' vkontakte', 'https://vk.com/jurist.advokat.fryazino'], [' whatsapp', 'https://wa.me/89161410707']]
Юрист в Раменском. Александрия. Автоюристы. Экспертиза. Юридическая консультация. Адвокат при ДТП. Арбитражный адвокат; Раменское;+7 (969) 777-36-06;https://jurexpertcenter.ru/v-ramenskom;[[' viber', 'https://viber.click/79261112289'], [' vkontakte', 'https://vk.com/alexandriya_uristi'], [' whatsapp', 'https://wa.me/79261112289']]
Юридическая помощь; Москва;+7 (495) 160-60-06;https://babochenok.ru/;[[' telegram', 'https://t.me/yoorist'], [' whatsapp', 'https://wa.me/79251606006']]
Литвинова и Партнёры; Чехов;+7 (966) 098-03-46;https://yurist-chehov.ru/;[[' vkontakte', 'https://vk.com/litvinovaandpartners']]
Юридический кабинет Святослава Зуева; Москва;+7 (999) 858-58-80;https://urist-zuev.ru/;[[' telegram', 'https://t.me/sudvest'], [' viber', 'https://viber.click/79998585880'], [' vkontakte', 'https://vk.com/svyat.zuev'], [' whatsapp', 'https://wa.me/79998585880'], [' youtube', 'https://www.youtube.com/channel/UCeyL95-3hs9oD_tg2yNmsRQ']]
Юридические услуги; п. г. т. Кировское;+7 (978) 862-60-90;;[[' ok', 'https://ok.ru/yurist.kirovskoe'], [' telegram', 'https://t.me/yurist_kirovskoe'], [' viber', 'https://viber.click/79788626090'], [' vkontakte', 'https://vk.com/yurist_kirovskoe'], [' whatsapp', 'https://wa.me/79788626090']]
Я прав!; Ярославль;+7 (4852) 23-03-54;https://помощьюристов.рф/;[[' telegram', 'https://t.me/yapravcentr_bot'], [' vkontakte', 'https://vk.com/lawyeryaroslavl'], [' whatsapp', 'https://wa.me/79065259381']]
Мегаполис Групп; Подольск;8 (800) 101-22-80;https://юр-услуга.рф/;[[' ok', 'https://ok.ru/group/59648268042271'], [' telegram', 'https://t.me/yur_adresa'], [' viber', 'https://viber.click/79261956440'], [' vkontakte', 'https://vk.com/adresa.megapolis.grupp'], [' whatsapp', 'https://wa.me/79778342040']]
Ваш Юрист; 1;+7 (927) 506-49-05;http://ваш-юрист34.рф/;[[' vkontakte', 'http://vk.com/urist__volgograd'], [' whatsapp', 'https://wa.me/79275064905']]
Amulex.ru; Москва;8 (800) 775-39-98;https://amulex.ru/;[[' ok', 'https://ok.ru/group/57652014940162?ysclid=lmuhtx0qw6160117776'], [' telegram', 'https://t.me/AmulexBot'], [' vkontakte', 'https://vk.com/amulexrussia'], [' whatsapp', 'https://wa.me/74992151477'], [' youtube', 'https://youtube.com/channel/UCO-XSIDldxH-Iz-vQa9FirA']]
Правовая гарантия; Москва;+7 (499) 938-42-49;https://sibadvokat.ru/;[[' telegram', 'https://t.me/sibadvokat1'], [' viber', 'https://viber.click/79039270555'], [' vkontakte', 'https://vk.com/sibadvokatru'], [' whatsapp', 'https://wa.me/79039270555']]
Вектор Прайм; Москва;+7 (495) 212-10-27;https://mpcvector.ru/;[[' telegram', 'https://t.me/+79152121027'], [' viber', 'https://viber.click/84952121027'], [' vkontakte', 'https://vk.com/mpcvector'], [' whatsapp', 'https://wa.me/84952121027'], [' youtube', 'https://www.youtube.com/channel/UCcdQziEnnN4i7vxS7BzSpUA']]
Юридическая Москва; Москва;+7 (495) 101-29-40;https://ur-moscow.ru/;[[' telegram', 'https://t.me/urmoscow'], [' vkontakte', 'https://vk.com/urmoscowru'], [' whatsapp', 'https://wa.me/79060102940']]
Фемида; Самара;+7 (999) 333-12-43;http://centerfemida.ru/;[[' viber', 'https://viber.click/79879068847'], [' vkontakte', 'https://vk.com/femida.kinel'], [' whatsapp', 'https://wa.me/79879068847'], [' youtube', 'https://www.youtube.com/channel/UC4VkwBrwjdsaL63uaPlYhgQ']]
Юрист для Людей; Ульяновск;8 (800) 533-81-30;http://юристдлялюдей.рф/;[[' ok', 'https://ok.ru/urist.for.people'], [' telegram', 'https://t.me/uristforpeople'], [' vkontakte', 'https://vk.com/urist.for.people'], [' youtube', 'https://www.youtube.com/channel/UColvivF0Og4lapU8izWS4Aw']]
Центр Правовой Помощи; Нижний Новгород;+7 (930) 070-78-62;https://law-nn52com.ru/;[[' ok', 'http://ok.ru/group/61466404192379'], [' telegram', 'https://t.me/+79300707862'], [' viber', 'https://viber.click/79300707862'], [' vkontakte', 'https://vk.com/centrprava52'], [' whatsapp', 'https://wa.me/79300707862']]
Юристы Новой Москвы; посёлок Коммунарка;+7 (985) 059-19-19;http://urist-nm.ru/;[[' whatsapp', 'https://wa.me/79850591919']]
Юридическая услуги; Ульяновск;+7 (937) 874-53-39;;[]
Бизнес-Юрист; Чебоксары;8 (800) 700-34-03;;[[' ok', 'https://ok.ru/burist'], [' telegram', 'https://t.me/bankrotstvo_grazhdann'], [' vkontakte', 'https://vk.com/bankrotstvo_grazhdan'], [' youtube', 'https://www.youtube.com/channel/UCCCkQ5vJhZrWLoWUpESMT2A']]
Юрист-52; Нижний Новгород;+7 (980) 114-39-47;http://law-52.ru/;[[' viber', 'https://viber.click/79202539411'], [' whatsapp', 'https://wa.me/79202539411']]
Большое дело; Тула;+7 (930) 777-08-15;https://tula.bolshoedelo.com/;[[' ok', 'https://ok.ru/bolshoedelo'], [' telegram', 'https://t.me/Bolshoedelo1'], [' vkontakte', 'https://vk.com/lawcentreru'], [' whatsapp', 'https://wa.me/79103027202'], [' youtube', 'https://www.youtube.com/channel/UCoEkt7lgW6PdCxS_9WbztTg']]
Бюро Юристов&ЭкспертовЪ; Тверь;+7 (4822) 63-10-91;https://ekpravo.ru/;[[' ok', 'https://ok.ru/ekpravo'], [' telegram', 'https://t.me/lawyer_tver'], [' viber', 'https://viber.click/79201531042'], [' vkontakte', 'https://vk.com/ekpravo'], [' whatsapp', 'https://wa.me/79201531042']]
Юрисконсульт; Иваново;+7 (915) 815-61-78;http://юрисконсульт.com/;[[' telegram', 'https://t.me/79158156178'], [' viber', 'https://viber.click/79158156178'], [' whatsapp', 'https://wa.me/79158156178']]
Юридическая Компания СВА; Одинцово;+7 (495) 789-47-89;http://sva789.ru/;[[' telegram', 'https://t.me/https://t.me/UKSVA789'], [' vkontakte', 'https://vk.com/sva789ru']]
Адвокат Гаспарян С. Э.; Егорьевск;+7 (917) 550-00-24;;[[' whatsapp', 'https://wa.me/79175500024']]
Бизнес-Юрист; Калуга;8 (800) 600-62-53;;[[' ok', 'https://ok.ru/burist'], [' telegram', 'https://t.me/bankrotstvo_grazhdann'], [' vkontakte', 'https://vk.com/bankrotstvo_grazhdan'], [' youtube', 'https://www.youtube.com/channel/UCCCkQ5vJhZrWLoWUpESMT2A']]
Юнова; Самара;+7 (846) 219-22-18;http://yunova.ru/;[]
Юридическая Компания Вердикт; Москва;+7 (903) 131-18-66;;[[' telegram', 'https://t.me/STRANNIK_SV'], [' whatsapp', 'https://wa.me/79031311866']]
Толковый юрист; Киров;+7 (8332) 73-00-07;https://urkirov.ru/;[[' vkontakte', 'http://vk.com/club5101136'], [' ok', 'https://ok.ru/yuristkirov'], [' viber', 'https://viber.click/79229930007'], [' whatsapp', 'https://wa.me/79229930007'], [' youtube', 'https://www.youtube.com/channel/UC8kcOx5iT1nUZ3QY0C063ww']]
Бизнес-Юрист; Набережные Челны;8 (800) 700-34-03;https://b-urist.ru/?utm_source=map;[[' ok', 'https://ok.ru/burist'], [' telegram', 'https://t.me/bankrotstvo_grazhdann'], [' vkontakte', 'https://vk.com/bankrotstvo_grazhdan'], [' youtube', 'https://www.youtube.com/channel/UCCCkQ5vJhZrWLoWUpESMT2A']]
Региональный правовой центр; Тольятти;+7 (987) 974-80-50;https://tlt-pravo.ru/;[[' telegram', 'https://t.me/Dmitry_Spitsa'], [' vkontakte', 'https://vk.com/tlt_pravo'], [' whatsapp', 'https://wa.me/79372112770']]
Юридический кабинет Михаила Джикия; Волгоград;+7 (917) 649-14-87;https://vk.link/kabinetDzhickia;[[' telegram', 'https://t.me/MikhailDzhickiya'], [' viber', 'https://viber.click/79176491487'], [' whatsapp', 'https://wa.me/79176491487']]
Международное юридическое бюро; Ижевск;8 (800) 770-74-73;https://ilo-co.com/;[]
Право и Закон; Волгодонск;+7 (900) 135-03-33;http://www.urist61.ru/;[[' telegram', 'https://t.me/7900135033'], [' vkontakte', 'https://vk.com/club211129380'], [' whatsapp', 'https://wa.me/79001350333']]
Центр профессиональной юридической помощи; Тверь;+7 (952) 065-46-15;http://centrproff.ru/;[[' vkontakte', 'http://vk.com/public188596479'], [' telegram', 'https://t.me/Proffbk2022'], [' viber', 'https://viber.click/79040248252'], [' whatsapp', 'https://wa.me/79611410182']]
Деловой союз; Балашиха;+7 (495) 124-84-63;http://делсоюз.рф/;[[' vkontakte', 'https://vk.com/delsouz'], [' whatsapp', 'https://wa.me/79893009170'], [' youtube', 'https://www.youtube.com/watch?v=fMgFhSHyigo']]
Калачев & партнеры; Москва;+7 (499) 377-47-37;https://lawexpress.ru/;[[' whatsapp', 'https://wa.me/74993774737']]
Правовой центр Госправо; Москва;+7 (495) 008-83-18;https://sup-estate.ru/;[[' telegram', 'https://t.me/+79250448831'], [' vkontakte', 'https://vk.com/jurzaliv'], [' whatsapp', 'https://wa.me/79851378122'], [' youtube', 'https://www.youtube.com/@cexper']]
Юрист Тимур Батиралиев; Москва;+7 (916) 696-37-96;https://timur-batiraliev.pro/;[[' telegram', 'https://t.me/89166963796'], [' vkontakte', 'https://vk.com/timurbatiraliev'], [' whatsapp', 'https://wa.me/89166963796'], [' youtube', 'https://youtube.com/channel/UCk31OrPlOOpupvBYKX-BgAA']]
Центр юридической защиты; Нижний Новгород;+7 (831) 230-20-57;http://centeruse.ru/;[[' viber', 'https://viber.click/89202533866'], [' vkontakte', 'https://vk.com/centeruse'], [' whatsapp', 'https://wa.me/89202533866'], [' youtube', 'https://www.youtube.com/watch?t=145s&v=NuK5foalFe8']]
Группа ЛексПрактик; Пенза;+7 (8412) 77-11-55;https://lex911.ru/;[]
Legal way; Казань;+7 (917) 232-70-00;http://lwaybfl.tilda.ws/;[[' whatsapp', 'https://wa.me/79172327000']]
Правовой центр Юрист консалтинг; Троицк;+7 (499) 346-83-23;http://troitskpravo.ru/;[[' youtube', 'http://youtube.com/channel/UCv2seuDczhxuB2pvRuhnwjQ'], [' vkontakte', 'https://vk.com/advokat_yourist']]
Нечаев и Партнеры; Саратов;+7 (8452) 77-40-23;http://nechaev-partners.ru/;[[' viber', 'https://viber.click/79372252323'], [' vkontakte', 'https://vk.com/nechaevpartners'], [' whatsapp', 'https://wa.me/79372252323']]
Юридические услуги; Тамбов;+7 (905) 085-55-27;https://vk.link/yurist.tambov;[[' vkontakte', 'https://vk.com/yurist.tambov']]
Юридические услуги; Нижний Новгород;+7 (920) 060-04-15;;[]
Инфоюрсервис; Лобня;+7 (901) 147-55-86;http://www.infojurservice.ru/;[[' telegram', 'https://t.me/infojurservice'], [' vkontakte', 'https://vk.com/public123512193']]
Юрист для Людей; Самара;8 (800) 533-81-30;http://юристдлялюдей.рф/;[[' ok', 'https://ok.ru/urist.for.people'], [' telegram', 'https://t.me/uristforpeople'], [' vkontakte', 'https://vk.com/urist.for.people'], [' youtube', 'https://www.youtube.com/channel/UColvivF0Og4lapU8izWS4Aw']]
Юрист рядом; Москва;+7 (495) 773-44-43;http://urist-butovo.ru/;[[' telegram', 'https://t.me/79031396395'], [' viber', 'https://viber.click/79031396395'], [' whatsapp', 'https://wa.me/79031396395'], [' youtube', 'https://www.youtube.com/channel/UCtW8ujHaZ9BO4wmAaBVYoKw']]
Союз Юристов+; Псков;+7 (921) 214-85-97;https://sourist.ru/;[[' ok', 'https://ok.ru/tsentrspis'], [' telegram', 'https://t.me/+79212148597'], [' viber', 'https://viber.click/79212148597'], [' vkontakte', 'https://vk.com/souyzuristov'], [' whatsapp', 'https://wa.me/79212148597'], [' youtube', 'https://youtube.com/@user-ye4tp7fi3u']]
Бизнес-Юрист; Волгоград;8 (800) 600-37-40;;[[' ok', 'https://ok.ru/burist'], [' telegram', 'https://t.me/bankrotstvo_grazhdann'], [' vkontakte', 'https://vk.com/bankrotstvo_grazhdan'], [' youtube', 'https://www.youtube.com/channel/UCCCkQ5vJhZrWLoWUpESMT2A']]
Юристы и адвокаты; Долгопрудный;+7 (495) 181-61-90;https://юрист-долгопрудный.рф/;[]
Юридическая фирма Обсидиан; Самара;+7 (846) 211-08-11;http://www.obsidianlaw.ru/;[[' telegram', 'https://t.me/obsidian63'], [' viber', 'https://viber.click/78462110811'], [' vkontakte', 'https://vk.com/public197279675'], [' whatsapp', 'https://wa.me/78462110811'], [' youtube', 'https://www.youtube.com/@user-wj7re3ms5q']]
Юридическая компания Законодатель; Евпатория;+7 (978) 013-13-17;https://zakonodatel-evpator.ru/;[[' ok', 'https://ok.ru/ooozakonodatel'], [' telegram', 'https://t.me/79780131317'], [' viber', 'https://viber.click/79780131317'], [' vkontakte', 'https://vk.com/yurist_evpatoriya'], [' whatsapp', 'https://wa.me/79780131317']]
Бизнес-Юрист; Энгельс;8 (800) 600-37-40;;[[' ok', 'https://ok.ru/burist'], [' telegram', 'https://t.me/bankrotstvo_grazhdann'], [' vkontakte', 'https://vk.com/bankrotstvo_grazhdan'], [' youtube', 'https://www.youtube.com/channel/UCCCkQ5vJhZrWLoWUpESMT2A']]
Юрист-судебник Смирнова Ю.; Москва;+7 (925) 480-26-46;http://urist-smirnova.ru/;[[' ok', 'https://ok.ru/group/56021358936098'], [' telegram', 'https://t.me/Urist_smirnova'], [' viber', 'https://viber.click/79264462503'], [' whatsapp', 'https://wa.me/79264462503']]
Частный юрист Сергей Спирин; Троицк;+7 (929) 608-64-58;https://sspirin.ru/;[]
Правовая Основа; Казань;+7 (958) 197-79-44;https://likvidation24.ru/;[[' telegram', 'https://t.me/legalbasis_bot'], [' vkontakte', 'https://vk.com/bankrotstvo_rt'], [' whatsapp', 'https://wa.me/79581977944']]
Правовая опора; Липецк;+7 (4742) 56-01-56;;[[' viber', 'https://viber.click/79508039412'], [' whatsapp', 'https://wa.me/79508039412']]
Юридическая компания Давыдов и Партнеры; Москва;+7 (495) 136-50-00;http://www.advokatdavidov.ru/;[[' ok', 'https://ok.ru/advokatdavidov'], [' telegram', 'https://t.me/+7'], [' viber', 'https://viber.click/79629008212'], [' vkontakte', 'https://vk.com/advokatdavidov'], [' whatsapp', 'https://wa.me/79629008212']]
Центр Списания Долгов; Пенза;+7 (993) 399-59-61;https://служба-списания-долгов.рф/;[[' ok', 'https://ok.ru/group/60971035459658'], [' vkontakte', 'https://vk.com/penza_bankrot'], [' whatsapp', 'https://wa.me/79023405990']]
Юрист Гранат М. А.; Тольятти;+7 (917) 125-73-21;http://granatmaxim.ru/;[]
Прозащита; Саранск;+7 (964) 853-08-11;https://cvs-prozashhita.ru/;[[' telegram', 'https://t.me/prozasshita'], [' vkontakte', 'https://vk.com/yuristzpp'], [' whatsapp', 'https://wa.me/9648530811']]
Заря; Чебоксары;+7 (8352) 20-25-94;https://zarya.ru/;[[' ok', 'https://ok.ru/company.Zarya'], [' telegram', 'https://t.me/company_zennit'], [' vkontakte', 'https://vk.com/company.Zarya'], [' youtube', 'https://www.youtube.com/channel/UCyeIt8rxVlwD9Zm6YFMLLUg']]
Скорая юридическая помощь; Самара;+7 (846) 991-10-30;https://9911030.ru/;[[' telegram', 'https://t.me/79022911030'], [' viber', 'https://viber.click/79022911030'], [' vkontakte', 'https://vk.com/skoraya_jur_pomosh'], [' whatsapp', 'https://wa.me/79022911030'], [' youtube', 'https://www.youtube.com/channel/UCKRFMwkCUEYNmu-adrhUBTA/featured?view_as=subscriber']]
Юридический центр Лидер; Воронеж;+7 (473) 220-05-73;https://leadervrn.ru/;[[' ok', 'https://ok.ru/lawyervoronezh'], [' telegram', 'https://t.me/lawyervoronezh'], [' vkontakte', 'https://vk.com/lawyervoronezh'], [' whatsapp', 'https://wa.me/79515586761']]
Статус; Пенза;+7 (900) 319-53-35;https://status-58.ru/;[]
Центр юридических услуг; Балаково;+7 (8453) 68-28-74;http://www.juristlegal.ru/;[[' viber', 'https://viber.click/79272252874'], [' vkontakte', 'https://vk.com/id615590223'], [' whatsapp', 'https://wa.me/79272252874']]
Де-Юре 58; Пенза;+7 (8412) 25-11-00;https://de-jure58.ru/;[[' whatsapp', 'https://wa.me/79273751100']]
Юдвин; Казань;+7 (843) 253-31-32;http://udvin.ru/;[[' telegram', 'https://t.me/udvin5'], [' vkontakte', 'https://vk.com/udvin'], [' whatsapp', 'https://wa.me/79033053132']]
Правовой стимул; Нижний Новгород;+7 (831) 413-88-70;https://ukstimul.ru/;[[' telegram', 'https://t.me/pravovoystimul'], [' vkontakte', 'https://vk.com/p_stimul'], [' whatsapp', 'https://wa.me/79202538870']]
Юридическая компания Щит; Новоуральск;+7 (912) 253-64-45;https://juridicheskaja-kompanija-schit-ulitsa-lenina.clients.site/;[[' telegram', 'https://t.me/79122536445'], [' vkontakte', 'https://vk.com/nvk.help'], [' whatsapp', 'https://wa.me/79122536445']]
Юрист Фадеев А. В.; Нижний Новгород;+7 (920) 070-99-77;https://harant.ru/lawyers/nizhnij-novgorod/fadeev-artem-vladimirovich;[[' telegram', 'https://t.me/unknown777'], [' viber', 'https://viber.click/79200709977'], [' whatsapp', 'https://wa.me/79200709977']]
Поволжский юридический центр; Казань;+7 (843) 203-40-00;https://yurist-kazan.ru/;[[' vkontakte', 'https://vk.com/tatpravo']]
Юрист Сериков Андрей Леонидович; Старый Оскол;+7 (910) 224-44-44;https://serikov.turbo.site/;[[' ok', 'https://ok.ru/andrey.serikov.1'], [' telegram', 'https://t.me/iabarum'], [' viber', 'https://viber.click/89102244444'], [' vkontakte', 'https://vk.com/advocat_online'], [' whatsapp', 'https://wa.me/89102244444'], [' youtube', 'https://www.youtube.com/channel/UCui9O9Z28ZNW5JxQmmEmwMQ']]
Адъюта; Казань;+7 (843) 245-66-11;http://adiuta.ru/;[[' vkontakte', 'https://vk.com/adiuta'], [' whatsapp', 'https://wa.me/89172456730']]
Пенсионный юрист Ануфриев А. П.; 201;+7 (993) 993-70-38;https://urist-anyfriev.ru/uslugi;[[' ok', 'https://ok.ru/profile/89429079482'], [' telegram', 'https://t.me/AnufrievAP'], [' viber', 'https://viber.click/79170349234'], [' vkontakte', 'https://vk.com/id225784189'], [' whatsapp', 'https://wa.me/79170349234']]
Земельный юрист; Москва;+7 (499) 112-42-87;https://zemelniy-urist.ru/;[[' ok', 'https://ok.ru/zemelniyurist'], [' telegram', 'https://t.me/zemelniy_urist_bot'], [' viber', 'https://viber.click/79675557492'], [' vkontakte', 'https://vk.com/zemelniyurist'], [' whatsapp', 'https://wa.me/79675557492'], [' youtube', 'https://www.youtube.com/channel/UC49ZmHE5pXhfQLUR6N_58YQ']]
Цивилист; Москва;+7 (495) 643-99-88;http://civilist.info/;[[' vkontakte', 'https://vk.com/civilist'], [' whatsapp', 'https://wa.me/79163388777'], [' youtube', 'https://www.youtube.com/channel/UCZGd6rvwwv9drUYBf7WZT2g']]
Юридическое бюро А. Гросса; Москва;+7 (495) 115-65-50;https://gross-a.ru/;[[' telegram', 'https://t.me/AlexeyGross'], [' vkontakte', 'https://vk.com/grosslawyers'], [' whatsapp', 'https://wa.me/79852171292'], [' youtube', 'https://www.youtube.com/channel/UCZlK7pPlVlz1kXivca4vIrw']]
Тактик Про; Балашиха;+7 (495) 989-11-01;https://tactic-pro.ru/;[[' ok', 'https://ok.ru/kollegiy'], [' vkontakte', 'https://vk.com/public171740107'], [' whatsapp', 'https://wa.me/79808006043']]
Юрист Шарыгин Сергей Иванович; Тула;+7 (4872) 38-43-27;http://tulaw.ru/;[[' telegram', 'https://t.me/+79807252001'], [' viber', 'https://viber.click/79807252001'], [' whatsapp', 'https://wa.me/79807252001']]
ГорЮрСлужба; Москва;+7 (903) 150-43-49;https://goryur.ru/;[[' telegram', 'https://t.me/79032800284'], [' viber', 'https://viber.click/79032800284'], [' whatsapp', 'https://wa.me/79032800284']]
Правовой центр; Подольск;+7 (495) 928-14-38;https://mos-zakon.ru/;[[' whatsapp', 'https://wa.me/79859281438']]
Белый маркер; Мичуринск;+7 (4752) 42-24-33;https://netdolgam.whitemarker.ru/;[[' ok', 'https://ok.ru/whitemarker'], [' telegram', 'https://t.me/+79276818000'], [' vkontakte', 'https://vk.com/whitemarker'], [' whatsapp', 'https://wa.me/74752422433'], [' youtube', 'https://www.youtube.com/@beliymarker']]
БанкротСервис; Саранск;+7 (917) 068-43-30;https://superbankrot.ru/;[[' ok', 'https://ok.ru/profile/585997055137'], [' telegram', 'https://t.me/79022306060'], [' viber', 'https://viber.click/79022306060'], [' vkontakte', 'https://vk.com/superbankrot'], [' whatsapp', 'https://wa.me/79022306060']]
Центр правовой помощи и судебной защиты; Москва;8 (800) 444-76-40;https://www.pravo.ltd/;[[' viber', 'https://viber.click/79859228326'], [' whatsapp', 'https://wa.me/79859228326'], [' youtube', 'https://www.youtube.com/channel/UCX0KDs3DvmkirhlvHmjrNwQ']]
Глинка, Бессонов и Партнёры; Москва;+7 (495) 414-18-83;https://pravoforyou.ru/;[[' ok', 'https://ok.ru/group/54419311886496'], [' telegram', 'https://t.me/BessonovPartners'], [' vkontakte', 'https://vk.com/pravoforyou'], [' whatsapp', 'https://wa.me/74956499115']]
Ольга Степанова и партнеры; Брянск;+7 (900) 361-69-99;http://банкротствобрянск.рф/;[[' ok', 'https://ok.ru/group54985219178740'], [' telegram', 'https://t.me/79003616999'], [' viber', 'https://viber.click/79003616999'], [' vkontakte', 'https://vk.com/olgastepanova_pro'], [' whatsapp', 'https://wa.me/79003616999'], [' youtube', 'https://www.youtube.com/@StepanovaO']]
Юридические услуги; Москва;+7 (499) 390-19-09;http://www.moscow-lawyers.ru/;[[' telegram', 'https://t.me/moslawyers'], [' vkontakte', 'https://vk.com/club149173189'], [' youtube', 'https://www.youtube.com/channel/UCC6lQambsN3uIdIEJATuNiA']]
Юридические услуги; рабочий посёлок Нахабино;+7 (926) 948-34-66;http://lawyer-moscowa.ru/;[[' ok', 'https://ok.ru/profile/105479107557'], [' viber', 'https://viber.click/79269483466'], [' whatsapp', 'https://wa.me/79269483466']]
Юридические услуги; Тула;+7 (902) 845-57-75;http://юристтула.рф/;[]
Региональный центр юридических услуг, комитет юристов; Красногорск;+7 (985) 927-66-77 (доб. 8 985 927 66 77);http://www.komitet-uristov.ru/;[[' viber', 'https://viber.click/79859276677'], [' vkontakte', 'https://vk.com/public200185130']]
Юридические услуги; Волгоград;+7 (961) 082-28-21;http://advokaton-line.ru/;[[' telegram', 'https://t.me/advokat_Dmitrii'], [' viber', 'https://viber.click/79610822821'], [' vkontakte', 'https://vk.com/advokatonline34?from=groups'], [' whatsapp', 'https://wa.me/79610822821']]
Межрегиональный правовой центр; Саратов;+7 (8452) 91-71-91;https://mpcsar.ru/;[[' vkontakte', 'https://vk.com/mpcsar']]
Воронежский центр права; Воронеж;+7 (993) 399-59-63;http://www.vcp36.ru/;[[' whatsapp', 'https://wa.me/79525529509']]
Юридическая помощь; Самара;+7 (846) 244-25-77;https://pravosud63.ru/;[[' viber', 'https://viber.click/79053000927'], [' whatsapp', 'https://wa.me/79053000927']]
Партнер; Ярославль;8 (800) 700-03-04;https://partner24.ru/;[[' vkontakte', 'https://vk.com/partner24ru']]
Юридические услуги Юцвд Юридический центр; Златоуст;8 (800) 201-31-45;http://zlat.cvdbankrotstvo.ru/;[[' youtube', 'http://youtube.com/channel/UC7tprbdoaHZ5pxHlGI7oEqQ'], [' ok', 'https://ok.ru/ucvd74'], [' viber', 'https://viber.click/79227114000'], [' vkontakte', 'https://vk.com/cvd74'], [' whatsapp', 'https://wa.me/79227114000']]
Бизнес-Гарант; Самара;+7 (846) 212-50-90;https://kol.bg63.ru/bankrotstvo/bankrotstvo-fizicheskix-licz/;[[' telegram', 'https://t.me/9277013156'], [' viber', 'https://viber.click/9277013156'], [' vkontakte', 'https://vk.com/bizness_garant'], [' whatsapp', 'https://wa.me/9277013156']]
Партнер; Казань;+7 (843) 253-48-19;https://partner24.ru/;[[' vkontakte', 'https://vk.com/partner24ru']]
Балов и партнеры; Ярославль;;http://balovzakon.com/;[[' telegram', 'https://t.me/baloff_bot'], [' vkontakte', 'https://vk.com/balovzakon']]
Юридическая консультация Де-Юре; Богородск;+7 (987) 747-68-33;http://de-jure-bg.ru/;[[' ok', 'https://ok.ru/profile/585787657957'], [' telegram', 'https://t.me/+79877476833'], [' viber', 'https://viber.click/79877476833'], [' vkontakte', 'https://vk.com/de.yure'], [' whatsapp', 'https://wa.me/79877476833']]
Адвокатский кабинет Жбанковой З. А.; Воронеж;+7 (473) 240-87-07;http://адвокат-жбанкова.рф/;[[' vkontakte', 'https://vk.com/public124994621'], [' whatsapp', 'https://wa.me/79611090669']]
Арешев и Партнеры; Москва;+7 (495) 476-54-07;https://areshev.ru/uvao;[[' whatsapp', 'https://wa.me/74956649612']]
Мытищинская юридическая компания; Мытищи;+7 (925) 505-45-17;http://www.myt-yurist.ru/;[[' vkontakte', 'https://vk.com/mytyurist'], [' youtube', 'https://www.youtube.com/channel/UCmDun_1h-C5Y4SVVFwFL8jw']]
Правовой город; Воронеж;+7 (900) 302-45-14;http://pravgor.ru/;[[' vkontakte', 'https://vk.com/pravovoygorod'], [' whatsapp', 'https://wa.me/79003024514']]
Юркомпани; Самара;+7 (962) 603-30-11;https://нетдолгов63.рф/;[[' telegram', 'https://t.me/LegalSMR']]
Старт; Москва;8 (800) 333-22-79;https://urstart.ru/;[[' vkontakte', 'https://vk.com/urstart'], [' youtube', 'https://www.youtube.com/channel/UCaFzcctTppNurXR2PRd1lYw']]
Двитекс; Москва;+7 (495) 223-48-91;http://www.dvitex.ru/;[]
Шпарвассер и партнёры; Москва;+7 (910) 456-84-52;http://shparwasser.ru/;[[' telegram', 'https://t.me/+79104568452'], [' viber', 'https://viber.click/79104568452'], [' whatsapp', 'https://wa.me/79104568452'], [' youtube', 'https://www.youtube.com/user/01advokat']]
ДаБанкрот; Белгород;8 (800) 222-20-15;https://дабанкрот.рф/белгород/?utm_medium=belg_card&utm_source=yandex;[[' ok', 'https://ok.ru/zhiznbezdo'], [' telegram', 'https://t.me/Dabankrotbot'], [' vkontakte', 'https://vk.com/da_bankrot'], [' whatsapp', 'https://wa.me/79300902015'], [' youtube', 'https://www.youtube.com/@da_bankrot']]
Правовая защита заемщиков; Чебоксары;8 (800) 444-30-21;https://moepravo.org/;[[' ok', 'https://ok.ru/moe.pravo'], [' telegram', 'https://t.me/moepravo_cheb21'], [' viber', 'https://viber.click/79373841484'], [' vkontakte', 'https://vk.com/moepravo_cheb'], [' whatsapp', 'https://wa.me/79373841484'], [' youtube', 'https://www.youtube.com/@moe_pravo']]
Право61; Ростов-на-Дону;+7 (863) 322-60-47;http://pravo61.ru/;[[' ok', 'http://www.odnoklassniki.ru/pravo61'], [' youtube', 'http://youtube.com/@Pravo61'], [' telegram', 'https://t.me/Pravo61'], [' vkontakte', 'https://vk.com/pravo61'], [' whatsapp', 'https://wa.me/79185551661']]
Правовая помощь; корп. 2;+7 (931) 237-15-22;http://помощьправовая.рф/;[[' telegram', 'https://t.me/Lawyer_Zimareva'], [' viber', 'https://viber.click/89312371522'], [' vkontakte', 'https://vk.com/yourist_spb'], [' whatsapp', 'https://wa.me/89312371522']]
Юрист Бесплатно; Великий Новгород;+7 (963) 331-00-31;https://vk.link/lawyersolvit;[[' vkontakte', 'https://vk.com/lawyersolvit'], [' whatsapp', 'https://wa.me/79633310031']]
Государственное юридическое бюро Пензенской области; Пенза;+7 (8412) 92-70-00;http://gosjurbyuro58.ru/;[]
Центр юридической помощи; рабочий посёлок Малаховка;+7 (926) 499-10-15;;[[' vkontakte', 'https://vk.com/uristzakon']]
Арта; Москва;+7 (499) 938-89-92;https://advokat-arta.ru/;[[' youtube', 'http://youtube.com/channel/UCEVWl_QGGu9lK-Y0QEojpaQ'], [' ok', 'https://ok.ru/group/70000003533596'], [' telegram', 'https://t.me/Arta_Yurist_Bot'], [' vkontakte', 'https://vk.com/artayuristy']]
Аргументъ; Саратов;+7 (8452) 23-44-11;http://pravo-rus.com/;[[' youtube', 'http://youtube.com/channel/UCEdlVOhQ6aVqbWueUGpONtw'], [' vkontakte', 'https://vk.com/andr_larin']]
Юрист Дн; Москва;+7 (977) 829-06-74;https://www.uristdn.ru/;[[' whatsapp', 'https://wa.me/79778290674']]
Центр юридической помощи; Домодедово;+7 (495) 664-54-53;https://юристы-домодедово.рф/;[[' vkontakte', 'https://vk.com/urdomodedovo']]
Династия Юристов; Москва;+7 (495) 772-80-14;http://www.dinurist.ru/;[[' whatsapp', 'https://wa.me/79197846190']]
Центр юридической помощи населению; Сарапул;+7 (922) 522-17-46;https://sarapul.centryr.ru/?utm_campaign=sarapul&utm_content=site&utm_medium=cpm&utm_source=yandex.maps;[[' viber', 'https://viber.click/89225239616'], [' vkontakte', 'https://vk.com/finanszachita'], [' whatsapp', 'https://wa.me/89225239616']]
ЮрКонсалт; Саратов;+7 (993) 399-48-60;https://uristdoc.ru/;[[' telegram', 'https://t.me/+79873304079'], [' vkontakte', 'https://vk.com/uristdoc'], [' whatsapp', 'https://wa.me/79873304079']]
Центр Защиты Прав Приволжский; Нижний Новгород;+7 (831) 414-99-11;https://знай-свои-права.рф/;[[' telegram', 'https://t.me/89036029911'], [' viber', 'https://viber.click/89036029911'], [' vkontakte', 'https://vk.com/public205276256'], [' whatsapp', 'https://wa.me/89036029911']]
Юрист Минеев Е. Р.; Набережные Челны;+7 (904) 660-69-99;https://mineev.pro/;[[' vkontakte', 'https://vk.com/zashitaprav']]
Бизнес-Юрист; Ульяновск;8 (800) 600-37-40;;[[' ok', 'https://ok.ru/burist'], [' telegram', 'https://t.me/bankrotstvo_grazhdann'], [' vkontakte', 'https://vk.com/bankrotstvo_grazhdan'], [' youtube', 'https://www.youtube.com/channel/UCCCkQ5vJhZrWLoWUpESMT2A']]
Свои люди; Тверь;+7 (920) 680-29-03;https://svoiluditn.ru/;[[' telegram', 'https://t.me/yurist_svoi_lyudi'], [' vkontakte', 'https://vk.com/svoilyuditv'], [' whatsapp', 'https://wa.me/79206802903']]
Бизнес-Юрист; Брянск;8 (800) 600-37-40;;[[' ok', 'https://ok.ru/burist'], [' telegram', 'https://t.me/bankrotstvo_grazhdann'], [' vkontakte', 'https://vk.com/bankrotstvo_grazhdan'], [' youtube', 'https://www.youtube.com/channel/UCCCkQ5vJhZrWLoWUpESMT2A']]
Правовой центр Защита; Тула;+7 (960) 611-52-77;;[[' ok', 'https://ok.ru/pravovoy'], [' telegram', 'https://t.me/pkutovoy'], [' viber', 'https://viber.click/79606115277'], [' vkontakte', 'https://vk.com/pravotula'], [' whatsapp', 'https://wa.me/79606115277']]
Деловой союз; Тула;+7 (4872) 28-58-00;https://www.250028.ru/;[[' viber', 'https://viber.click/79539600076'], [' vkontakte', 'https://vk.com/professionalnyeuristy'], [' whatsapp', 'https://wa.me/79539600076']]
Бизнес-Юрист; Тамбов;8 (800) 600-37-40;;[[' ok', 'https://ok.ru/burist'], [' telegram', 'https://t.me/bankrotstvo_grazhdann'], [' vkontakte', 'https://vk.com/bankrotstvo_grazhdan'], [' youtube', 'https://www.youtube.com/channel/UCCCkQ5vJhZrWLoWUpESMT2A']]
Юрист Гарант; Самара;+7 (846) 359-10-48;http://uristgarant63.ru/;[[' viber', 'https://viber.click/79371770170'], [' whatsapp', 'https://wa.me/79371770170']]
Юридическая компания Стратегия; Щёлково;+7 (925) 055-82-55;;[[' viber', 'https://viber.click/79057943850'], [' vkontakte', 'https://vk.com/id392540426'], [' whatsapp', 'https://wa.me/79250558255']]
Бизнес-юрист; Астрахань;8 (800) 600-37-40;;[[' ok', 'https://ok.ru/burist'], [' telegram', 'https://t.me/bankrotstvo_grazhdann'], [' vkontakte', 'https://vk.com/bankrotstvo_grazhdan'], [' youtube', 'https://www.youtube.com/channel/UCCCkQ5vJhZrWLoWUpESMT2A']]
Экспресс Регистратор; Москва;+7 (495) 414-27-27;https://www.reg-express.ru/;[[' vkontakte', 'https://vk.com/club94039374'], [' youtube', 'https://www.youtube.com/expressreg']]
Финон; Москва;+7 (499) 681-62-25;http://finon127.ru/;[[' telegram', 'https://t.me/finon127'], [' vkontakte', 'https://vk.com/finon127'], [' whatsapp', 'https://wa.me/79017699967']]
Выход есть; Тула;+7 (4872) 71-75-92;https://vihod-est.ru/;[[' vkontakte', 'http://vk.com/bankrotstvo71'], [' youtube', 'https://www.youtube.com/channel/UCatSYDPMVkiZJTCvR7slC8A']]
Юридическое бюро А. Гросса; Москва;+7 (495) 115-65-50;https://gross-a.ru/;[[' telegram', 'https://t.me/AlexeyGross'], [' vkontakte', 'https://vk.com/grosslawyers'], [' whatsapp', 'https://wa.me/79852171292'], [' youtube', 'https://www.youtube.com/channel/UCZlK7pPlVlz1kXivca4vIrw']]
Тактик Про; Балашиха;+7 (495) 989-11-01;https://tactic-pro.ru/;[[' ok', 'https://ok.ru/kollegiy'], [' vkontakte', 'https://vk.com/public171740107'], [' whatsapp', 'https://wa.me/79808006043']]
Юрист Шарыгин Сергей Иванович; Тула;+7 (4872) 38-43-27;http://tulaw.ru/;[[' telegram', 'https://t.me/+79807252001'], [' viber', 'https://viber.click/79807252001'], [' whatsapp', 'https://wa.me/79807252001']]
ГорЮрСлужба; Москва;+7 (903) 150-43-49;https://goryur.ru/;[[' telegram', 'https://t.me/79032800284'], [' viber', 'https://viber.click/79032800284'], [' whatsapp', 'https://wa.me/79032800284']]
Балов и партнеры; Ярославль;;http://balovzakon.com/;[[' telegram', 'https://t.me/baloff_bot'], [' vkontakte', 'https://vk.com/balovzakon']]
Адвокат Ивлев Сергей Сергеевич; Оренбург;+7 (3532) 29-61-71;http://advokativlev.ru/;[[' telegram', 'https://t.me/+79123512642'], [' viber', 'https://viber.click/79123512642'], [' vkontakte', 'https://vk.com/advokat_ivlev'], [' whatsapp', 'https://wa.me/79123512642'], [' youtube', 'https://www.youtube.com/channel/UCx7IcrwL--WjiMB9OKLXLHg']]
Белый маркер; Мичуринск;+7 (4752) 42-24-33;https://netdolgam.whitemarker.ru/;[[' ok', 'https://ok.ru/whitemarker'], [' telegram', 'https://t.me/+79276818000'], [' vkontakte', 'https://vk.com/whitemarker'], [' whatsapp', 'https://wa.me/74752422433'], [' youtube', 'https://www.youtube.com/@beliymarker']]
БанкротСервис; Саранск;+7 (917) 068-43-30;https://superbankrot.ru/;[[' ok', 'https://ok.ru/profile/585997055137'], [' telegram', 'https://t.me/79022306060'], [' viber', 'https://viber.click/79022306060'], [' vkontakte', 'https://vk.com/superbankrot'], [' whatsapp', 'https://wa.me/79022306060']]
Центр правовой помощи и судебной защиты; Москва;8 (800) 444-76-40;https://www.pravo.ltd/;[[' viber', 'https://viber.click/79859228326'], [' whatsapp', 'https://wa.me/79859228326'], [' youtube', 'https://www.youtube.com/channel/UCX0KDs3DvmkirhlvHmjrNwQ']]
Глинка, Бессонов и Партнёры; Москва;+7 (495) 414-18-83;https://pravoforyou.ru/;[[' ok', 'https://ok.ru/group/54419311886496'], [' telegram', 'https://t.me/BessonovPartners'], [' vkontakte', 'https://vk.com/pravoforyou'], [' whatsapp', 'https://wa.me/74956499115']]
Ольга Степанова и партнеры; Брянск;+7 (900) 361-69-99;http://банкротствобрянск.рф/;[[' ok', 'https://ok.ru/group54985219178740'], [' telegram', 'https://t.me/79003616999'], [' viber', 'https://viber.click/79003616999'], [' vkontakte', 'https://vk.com/olgastepanova_pro'], [' whatsapp', 'https://wa.me/79003616999'], [' youtube', 'https://www.youtube.com/@StepanovaO']]
Старт; Москва;8 (800) 333-22-79;https://urstart.ru/;[[' vkontakte', 'https://vk.com/urstart'], [' youtube', 'https://www.youtube.com/channel/UCaFzcctTppNurXR2PRd1lYw']]
Двитекс; Москва;+7 (495) 223-48-91;http://www.dvitex.ru/;[]
Шпарвассер и партнёры; Москва;+7 (910) 456-84-52;http://shparwasser.ru/;[[' telegram', 'https://t.me/+79104568452'], [' viber', 'https://viber.click/79104568452'], [' whatsapp', 'https://wa.me/79104568452'], [' youtube', 'https://www.youtube.com/user/01advokat']]
ДаБанкрот; Белгород;8 (800) 222-20-15;https://дабанкрот.рф/белгород/?utm_medium=belg_card&utm_source=yandex;[[' ok', 'https://ok.ru/zhiznbezdo'], [' telegram', 'https://t.me/Dabankrotbot'], [' vkontakte', 'https://vk.com/da_bankrot'], [' whatsapp', 'https://wa.me/79300902015'], [' youtube', 'https://www.youtube.com/@da_bankrot']]
Правовая защита заемщиков; Чебоксары;8 (800) 444-30-21;https://moepravo.org/;[[' ok', 'https://ok.ru/moe.pravo'], [' telegram', 'https://t.me/moepravo_cheb21'], [' viber', 'https://viber.click/79373841484'], [' vkontakte', 'https://vk.com/moepravo_cheb'], [' whatsapp', 'https://wa.me/79373841484'], [' youtube', 'https://www.youtube.com/@moe_pravo']]
Право61; Ростов-на-Дону;+7 (863) 322-60-47;http://pravo61.ru/;[[' ok', 'http://www.odnoklassniki.ru/pravo61'], [' youtube', 'http://youtube.com/@Pravo61'], [' telegram', 'https://t.me/Pravo61'], [' vkontakte', 'https://vk.com/pravo61'], [' whatsapp', 'https://wa.me/79185551661']]
Финон; Москва;+7 (499) 681-62-25;http://finon127.ru/;[[' telegram', 'https://t.me/finon127'], [' vkontakte', 'https://vk.com/finon127'], [' whatsapp', 'https://wa.me/79017699967']]
Выход есть; Тула;+7 (4872) 71-75-92;https://vihod-est.ru/;[[' vkontakte', 'http://vk.com/bankrotstvo71'], [' youtube', 'https://www.youtube.com/channel/UCatSYDPMVkiZJTCvR7slC8A']]
Юридическая компания Давыдовского; Москва;+7 (915) 062-22-11;https://www.dvdv.me/;[[' viber', 'https://viber.click/79150622211'], [' vkontakte', 'https://vk.com/id582447722'], [' whatsapp', 'https://wa.me/79150622211']]
2Лекс; Москва;8 (800) 600-87-49;https://2lex.ru/;[[' ok', 'https://ok.ru/group/54730041458804'], [' vkontakte', 'https://vk.com/bankrotstvo_fizicheskih_lits'], [' youtube', 'https://www.youtube.com/channel/UCuiRlLDJhI1cpVNsFmeR2uQ']]
Хелп Консалтинг; Москва;+7 (495) 150-07-65;https://h-cons.ru/;[[' telegram', 'https://t.me/h_cons_ru'], [' vkontakte', 'https://vk.com/ddu_help'], [' whatsapp', 'https://wa.me/79854872211'], [' youtube', 'https://www.youtube.com/c/helpddu']]
Финлекс; Самара;+7 (927) 212-77-44;http://финлекс.рф/;[[' vkontakte', 'http://vk.com/ffinlex'], [' whatsapp', 'https://wa.me/79272127744'], [' youtube', 'https://www.youtube.com/watch?v=G6vUrF5g8X4']]
Юридическая служба Альфа-М; Москва;+7 (915) 136-06-55;https://juridicheskaja-sluzhba-alfa-m.clients.site/;[]
Юстэк; Волгоград;+7 (902) 360-94-46;https://yustek.ru/;[[' ok', 'http://ok.ru/group/58740495417409'], [' vkontakte', 'https://vk.com/yustek'], [' whatsapp', 'https://wa.me/79023609446']]
Балов и партнеры; Ярославль;;http://balovzakon.com/;[[' telegram', 'https://t.me/baloff_bot'], [' vkontakte', 'https://vk.com/balovzakon']]
Адвокат Ивлев Сергей Сергеевич; Оренбург;+7 (3532) 29-61-71;http://advokativlev.ru/;[[' telegram', 'https://t.me/+79123512642'], [' viber', 'https://viber.click/79123512642'], [' vkontakte', 'https://vk.com/advokat_ivlev'], [' whatsapp', 'https://wa.me/79123512642'], [' youtube', 'https://www.youtube.com/channel/UCx7IcrwL--WjiMB9OKLXLHg']]
Белый маркер; Мичуринск;+7 (4752) 42-24-33;https://netdolgam.whitemarker.ru/;[[' ok', 'https://ok.ru/whitemarker'], [' telegram', 'https://t.me/+79276818000'], [' vkontakte', 'https://vk.com/whitemarker'], [' whatsapp', 'https://wa.me/74752422433'], [' youtube', 'https://www.youtube.com/@beliymarker']]
БанкротСервис; Саранск;+7 (917) 068-43-30;https://superbankrot.ru/;[[' ok', 'https://ok.ru/profile/585997055137'], [' telegram', 'https://t.me/79022306060'], [' viber', 'https://viber.click/79022306060'], [' vkontakte', 'https://vk.com/superbankrot'], [' whatsapp', 'https://wa.me/79022306060']]
Центр правовой помощи и судебной защиты; Москва;8 (800) 444-76-40;https://www.pravo.ltd/;[[' viber', 'https://viber.click/79859228326'], [' whatsapp', 'https://wa.me/79859228326'], [' youtube', 'https://www.youtube.com/channel/UCX0KDs3DvmkirhlvHmjrNwQ']]
Глинка, Бессонов и Партнёры; Москва;+7 (495) 414-18-83;https://pravoforyou.ru/;[[' ok', 'https://ok.ru/group/54419311886496'], [' telegram', 'https://t.me/BessonovPartners'], [' vkontakte', 'https://vk.com/pravoforyou'], [' whatsapp', 'https://wa.me/74956499115']]
Ольга Степанова и партнеры; Брянск;+7 (900) 361-69-99;http://банкротствобрянск.рф/;[[' ok', 'https://ok.ru/group54985219178740'], [' telegram', 'https://t.me/79003616999'], [' viber', 'https://viber.click/79003616999'], [' vkontakte', 'https://vk.com/olgastepanova_pro'], [' whatsapp', 'https://wa.me/79003616999'], [' youtube', 'https://www.youtube.com/@StepanovaO']]
Старт; Москва;8 (800) 333-22-79;https://urstart.ru/;[[' vkontakte', 'https://vk.com/urstart'], [' youtube', 'https://www.youtube.com/channel/UCaFzcctTppNurXR2PRd1lYw']]
Двитекс; Москва;+7 (495) 223-48-91;http://www.dvitex.ru/;[]
Шпарвассер и партнёры; Москва;+7 (910) 456-84-52;http://shparwasser.ru/;[[' telegram', 'https://t.me/+79104568452'], [' viber', 'https://viber.click/79104568452'], [' whatsapp', 'https://wa.me/79104568452'], [' youtube', 'https://www.youtube.com/user/01advokat']]
ДаБанкрот; Белгород;8 (800) 222-20-15;https://дабанкрот.рф/белгород/?utm_medium=belg_card&utm_source=yandex;[[' ok', 'https://ok.ru/zhiznbezdo'], [' telegram', 'https://t.me/Dabankrotbot'], [' vkontakte', 'https://vk.com/da_bankrot'], [' whatsapp', 'https://wa.me/79300902015'], [' youtube', 'https://www.youtube.com/@da_bankrot']]
Правовая защита заемщиков; Чебоксары;8 (800) 444-30-21;https://moepravo.org/;[[' ok', 'https://ok.ru/moe.pravo'], [' telegram', 'https://t.me/moepravo_cheb21'], [' viber', 'https://viber.click/79373841484'], [' vkontakte', 'https://vk.com/moepravo_cheb'], [' whatsapp', 'https://wa.me/79373841484'], [' youtube', 'https://www.youtube.com/@moe_pravo']]
Право61; Ростов-на-Дону;+7 (863) 322-60-47;http://pravo61.ru/;[[' ok', 'http://www.odnoklassniki.ru/pravo61'], [' youtube', 'http://youtube.com/@Pravo61'], [' telegram', 'https://t.me/Pravo61'], [' vkontakte', 'https://vk.com/pravo61'], [' whatsapp', 'https://wa.me/79185551661']]
Финон; Москва;+7 (499) 681-62-25;http://finon127.ru/;[[' telegram', 'https://t.me/finon127'], [' vkontakte', 'https://vk.com/finon127'], [' whatsapp', 'https://wa.me/79017699967']]
Выход есть; Тула;+7 (4872) 71-75-92;https://vihod-est.ru/;[[' vkontakte', 'http://vk.com/bankrotstvo71'], [' youtube', 'https://www.youtube.com/channel/UCatSYDPMVkiZJTCvR7slC8A']]
Юридическая компания Давыдовского; Москва;+7 (915) 062-22-11;https://www.dvdv.me/;[[' viber', 'https://viber.click/79150622211'], [' vkontakte', 'https://vk.com/id582447722'], [' whatsapp', 'https://wa.me/79150622211']]
2Лекс; Москва;8 (800) 600-87-49;https://2lex.ru/;[[' ok', 'https://ok.ru/group/54730041458804'], [' vkontakte', 'https://vk.com/bankrotstvo_fizicheskih_lits'], [' youtube', 'https://www.youtube.com/channel/UCuiRlLDJhI1cpVNsFmeR2uQ']]
Хелп Консалтинг; Москва;+7 (495) 150-07-65;https://h-cons.ru/;[[' telegram', 'https://t.me/h_cons_ru'], [' vkontakte', 'https://vk.com/ddu_help'], [' whatsapp', 'https://wa.me/79854872211'], [' youtube', 'https://www.youtube.com/c/helpddu']]
Финлекс; Самара;+7 (927) 212-77-44;http://финлекс.рф/;[[' vkontakte', 'http://vk.com/ffinlex'], [' whatsapp', 'https://wa.me/79272127744'], [' youtube', 'https://www.youtube.com/watch?v=G6vUrF5g8X4']]
Юридическая служба Альфа-М; Москва;+7 (915) 136-06-55;https://juridicheskaja-sluzhba-alfa-m.clients.site/;[]
Юстэк; Волгоград;+7 (902) 360-94-46;https://yustek.ru/;[[' ok', 'http://ok.ru/group/58740495417409'], [' vkontakte', 'https://vk.com/yustek'], [' whatsapp', 'https://wa.me/79023609446']]
Бизнес-юрист; Краснодар;8 (800) 600-37-40;https://b-urist.ru/;[[' ok', 'https://ok.ru/burist'], [' telegram', 'https://t.me/bankrotstvo_grazhdann'], [' vkontakte', 'https://vk.com/bankrotstvo_grazhdan'], [' youtube', 'https://www.youtube.com/channel/UCCCkQ5vJhZrWLoWUpESMT2A']]
Банкрот Баланс; Орехово-Зуево;+7 (901) 731-58-75;http://bankrotbalance.ru/;[[' ok', 'https://ok.ru/aleksey.ragulsky'], [' telegram', 'https://t.me/79778355805'], [' viber', 'https://viber.click/79850279721'], [' vkontakte', 'https://vk.com/bankrotbalance'], [' whatsapp', 'https://wa.me/79778355805'], [' youtube', 'https://www.youtube.com/channel/UC679eR62pZ9a3oHeyaKIB5w/videos']]
Современная Защита; Москва;8 (800) 301-48-71;http://sovz.ru/;[[' ok', 'https://ok.ru/group/53567870664904'], [' telegram', 'https://t.me/sovz_ru'], [' youtube', 'https://www.youtube.com/channel/UCjGwtt9SB5AS8J0r5zk8i6Q']]
Экспертно-правовой центр; Альметьевск;+7 (950) 949-44-35;https://epcrt.ru/;[[' vkontakte', 'https://vk.com/club74531581'], [' youtube', 'https://youtube.com/@epcrt']]
БанкротСервис; Саранск;+7 (917) 068-43-30;https://superbankrot.ru/;[[' ok', 'https://ok.ru/profile/585997055137'], [' telegram', 'https://t.me/79022306060'], [' viber', 'https://viber.click/79022306060'], [' vkontakte', 'https://vk.com/superbankrot'], [' whatsapp', 'https://wa.me/79022306060']]
Центр правовой помощи и судебной защиты; Москва;8 (800) 444-76-40;https://www.pravo.ltd/;[[' viber', 'https://viber.click/79859228326'], [' whatsapp', 'https://wa.me/79859228326'], [' youtube', 'https://www.youtube.com/channel/UCX0KDs3DvmkirhlvHmjrNwQ']]
Глинка, Бессонов и Партнёры; Москва;+7 (495) 414-18-83;https://pravoforyou.ru/;[[' ok', 'https://ok.ru/group/54419311886496'], [' telegram', 'https://t.me/BessonovPartners'], [' vkontakte', 'https://vk.com/pravoforyou'], [' whatsapp', 'https://wa.me/74956499115']]
Ольга Степанова и партнеры; Брянск;+7 (900) 361-69-99;http://банкротствобрянск.рф/;[[' ok', 'https://ok.ru/group54985219178740'], [' telegram', 'https://t.me/79003616999'], [' viber', 'https://viber.click/79003616999'], [' vkontakte', 'https://vk.com/olgastepanova_pro'], [' whatsapp', 'https://wa.me/79003616999'], [' youtube', 'https://www.youtube.com/@StepanovaO']]
Старт; Москва;8 (800) 333-22-79;https://urstart.ru/;[[' vkontakte', 'https://vk.com/urstart'], [' youtube', 'https://www.youtube.com/channel/UCaFzcctTppNurXR2PRd1lYw']]
Двитекс; Москва;+7 (495) 223-48-91;http://www.dvitex.ru/;[]
Шпарвассер и партнёры; Москва;+7 (910) 456-84-52;http://shparwasser.ru/;[[' telegram', 'https://t.me/+79104568452'], [' viber', 'https://viber.click/79104568452'], [' whatsapp', 'https://wa.me/79104568452'], [' youtube', 'https://www.youtube.com/user/01advokat']]
ДаБанкрот; Белгород;8 (800) 222-20-15;https://дабанкрот.рф/белгород/?utm_medium=belg_card&utm_source=yandex;[[' ok', 'https://ok.ru/zhiznbezdo'], [' telegram', 'https://t.me/Dabankrotbot'], [' vkontakte', 'https://vk.com/da_bankrot'], [' whatsapp', 'https://wa.me/79300902015'], [' youtube', 'https://www.youtube.com/@da_bankrot']]
Правовая защита заемщиков; Чебоксары;8 (800) 444-30-21;https://moepravo.org/;[[' ok', 'https://ok.ru/moe.pravo'], [' telegram', 'https://t.me/moepravo_cheb21'], [' viber', 'https://viber.click/79373841484'], [' vkontakte', 'https://vk.com/moepravo_cheb'], [' whatsapp', 'https://wa.me/79373841484'], [' youtube', 'https://www.youtube.com/@moe_pravo']]
Право61; Ростов-на-Дону;+7 (863) 322-60-47;http://pravo61.ru/;[[' ok', 'http://www.odnoklassniki.ru/pravo61'], [' youtube', 'http://youtube.com/@Pravo61'], [' telegram', 'https://t.me/Pravo61'], [' vkontakte', 'https://vk.com/pravo61'], [' whatsapp', 'https://wa.me/79185551661']]
Финон; Москва;+7 (499) 681-62-25;http://finon127.ru/;[[' telegram', 'https://t.me/finon127'], [' vkontakte', 'https://vk.com/finon127'], [' whatsapp', 'https://wa.me/79017699967']]
Выход есть; Тула;+7 (4872) 71-75-92;https://vihod-est.ru/;[[' vkontakte', 'http://vk.com/bankrotstvo71'], [' youtube', 'https://www.youtube.com/channel/UCatSYDPMVkiZJTCvR7slC8A']]
Юридическая компания Давыдовского; Москва;+7 (915) 062-22-11;https://www.dvdv.me/;[[' viber', 'https://viber.click/79150622211'], [' vkontakte', 'https://vk.com/id582447722'], [' whatsapp', 'https://wa.me/79150622211']]
2Лекс; Москва;8 (800) 600-87-49;https://2lex.ru/;[[' ok', 'https://ok.ru/group/54730041458804'], [' vkontakte', 'https://vk.com/bankrotstvo_fizicheskih_lits'], [' youtube', 'https://www.youtube.com/channel/UCuiRlLDJhI1cpVNsFmeR2uQ']]
Хелп Консалтинг; Москва;+7 (495) 150-07-65;https://h-cons.ru/;[[' telegram', 'https://t.me/h_cons_ru'], [' vkontakte', 'https://vk.com/ddu_help'], [' whatsapp', 'https://wa.me/79854872211'], [' youtube', 'https://www.youtube.com/c/helpddu']]
Финлекс; Самара;+7 (927) 212-77-44;http://финлекс.рф/;[[' vkontakte', 'http://vk.com/ffinlex'], [' whatsapp', 'https://wa.me/79272127744'], [' youtube', 'https://www.youtube.com/watch?v=G6vUrF5g8X4']]
Юридическая служба Альфа-М; Москва;+7 (915) 136-06-55;https://juridicheskaja-sluzhba-alfa-m.clients.site/;[]
Юстэк; Волгоград;+7 (902) 360-94-46;https://yustek.ru/;[[' ok', 'http://ok.ru/group/58740495417409'], [' vkontakte', 'https://vk.com/yustek'], [' whatsapp', 'https://wa.me/79023609446']]
Бизнес-юрист; Краснодар;8 (800) 600-37-40;https://b-urist.ru/;[[' ok', 'https://ok.ru/burist'], [' telegram', 'https://t.me/bankrotstvo_grazhdann'], [' vkontakte', 'https://vk.com/bankrotstvo_grazhdan'], [' youtube', 'https://www.youtube.com/channel/UCCCkQ5vJhZrWLoWUpESMT2A']]
Банкрот Баланс; Орехово-Зуево;+7 (901) 731-58-75;http://bankrotbalance.ru/;[[' ok', 'https://ok.ru/aleksey.ragulsky'], [' telegram', 'https://t.me/79778355805'], [' viber', 'https://viber.click/79850279721'], [' vkontakte', 'https://vk.com/bankrotbalance'], [' whatsapp', 'https://wa.me/79778355805'], [' youtube', 'https://www.youtube.com/channel/UC679eR62pZ9a3oHeyaKIB5w/videos']]
Современная Защита; Москва;8 (800) 301-48-71;http://sovz.ru/;[[' ok', 'https://ok.ru/group/53567870664904'], [' telegram', 'https://t.me/sovz_ru'], [' youtube', 'https://www.youtube.com/channel/UCjGwtt9SB5AS8J0r5zk8i6Q']]
Экспертно-правовой центр; Альметьевск;+7 (950) 949-44-35;https://epcrt.ru/;[[' vkontakte', 'https://vk.com/club74531581'], [' youtube', 'https://youtube.com/@epcrt']]
Гарант; Москва;+7 (495) 120-59-98;https://garantlc.ru/;[[' telegram', 'https://t.me/uk_garant'], [' vkontakte', 'https://vk.com/garantlc'], [' whatsapp', 'https://wa.me/79148427842']]
БоссБанкрот; Уфа;+7 (927) 945-47-03;https://bossbankrot.ru/;[[' telegram', 'https://t.me/bossbankrot'], [' vkontakte', 'https://vk.com/probankrotctvo'], [' whatsapp', 'https://wa.me/79279454703'], [' youtube', 'https://youtube.com/@Bossbankrot']]
Адвокат Великий О.В.; Москва;+7 (901) 417-38-23;http://advocatvelikiy.ru/;[[' whatsapp', 'https://wa.me/79168065424']]
Шпарвассер и партнёры; Москва;+7 (910) 456-84-52;http://shparwasser.ru/;[[' telegram', 'https://t.me/+79104568452'], [' viber', 'https://viber.click/79104568452'], [' whatsapp', 'https://wa.me/79104568452'], [' youtube', 'https://www.youtube.com/user/01advokat']]
ДаБанкрот; Белгород;8 (800) 222-20-15;https://дабанкрот.рф/белгород/?utm_medium=belg_card&utm_source=yandex;[[' ok', 'https://ok.ru/zhiznbezdo'], [' telegram', 'https://t.me/Dabankrotbot'], [' vkontakte', 'https://vk.com/da_bankrot'], [' whatsapp', 'https://wa.me/79300902015'], [' youtube', 'https://www.youtube.com/@da_bankrot']]
Правовая защита заемщиков; Чебоксары;8 (800) 444-30-21;https://moepravo.org/;[[' ok', 'https://ok.ru/moe.pravo'], [' telegram', 'https://t.me/moepravo_cheb21'], [' viber', 'https://viber.click/79373841484'], [' vkontakte', 'https://vk.com/moepravo_cheb'], [' whatsapp', 'https://wa.me/79373841484'], [' youtube', 'https://www.youtube.com/@moe_pravo']]
Право61; Ростов-на-Дону;+7 (863) 322-60-47;http://pravo61.ru/;[[' ok', 'http://www.odnoklassniki.ru/pravo61'], [' youtube', 'http://youtube.com/@Pravo61'], [' telegram', 'https://t.me/Pravo61'], [' vkontakte', 'https://vk.com/pravo61'], [' whatsapp', 'https://wa.me/79185551661']]
Финон; Москва;+7 (499) 681-62-25;http://finon127.ru/;[[' telegram', 'https://t.me/finon127'], [' vkontakte', 'https://vk.com/finon127'], [' whatsapp', 'https://wa.me/79017699967']]
Выход есть; Тула;+7 (4872) 71-75-92;https://vihod-est.ru/;[[' vkontakte', 'http://vk.com/bankrotstvo71'], [' youtube', 'https://www.youtube.com/channel/UCatSYDPMVkiZJTCvR7slC8A']]
Юридическая компания Давыдовского; Москва;+7 (915) 062-22-11;https://www.dvdv.me/;[[' viber', 'https://viber.click/79150622211'], [' vkontakte', 'https://vk.com/id582447722'], [' whatsapp', 'https://wa.me/79150622211']]
2Лекс; Москва;8 (800) 600-87-49;https://2lex.ru/;[[' ok', 'https://ok.ru/group/54730041458804'], [' vkontakte', 'https://vk.com/bankrotstvo_fizicheskih_lits'], [' youtube', 'https://www.youtube.com/channel/UCuiRlLDJhI1cpVNsFmeR2uQ']]
Хелп Консалтинг; Москва;+7 (495) 150-07-65;https://h-cons.ru/;[[' telegram', 'https://t.me/h_cons_ru'], [' vkontakte', 'https://vk.com/ddu_help'], [' whatsapp', 'https://wa.me/79854872211'], [' youtube', 'https://www.youtube.com/c/helpddu']]
Финлекс; Самара;+7 (927) 212-77-44;http://финлекс.рф/;[[' vkontakte', 'http://vk.com/ffinlex'], [' whatsapp', 'https://wa.me/79272127744'], [' youtube', 'https://www.youtube.com/watch?v=G6vUrF5g8X4']]
Юридическая служба Альфа-М; Москва;+7 (915) 136-06-55;https://juridicheskaja-sluzhba-alfa-m.clients.site/;[]
Юстэк; Волгоград;+7 (902) 360-94-46;https://yustek.ru/;[[' ok', 'http://ok.ru/group/58740495417409'], [' vkontakte', 'https://vk.com/yustek'], [' whatsapp', 'https://wa.me/79023609446']]
Бизнес-юрист; Краснодар;8 (800) 600-37-40;https://b-urist.ru/;[[' ok', 'https://ok.ru/burist'], [' telegram', 'https://t.me/bankrotstvo_grazhdann'], [' vkontakte', 'https://vk.com/bankrotstvo_grazhdan'], [' youtube', 'https://www.youtube.com/channel/UCCCkQ5vJhZrWLoWUpESMT2A']]
Банкрот Баланс; Орехово-Зуево;+7 (901) 731-58-75;http://bankrotbalance.ru/;[[' ok', 'https://ok.ru/aleksey.ragulsky'], [' telegram', 'https://t.me/79778355805'], [' viber', 'https://viber.click/79850279721'], [' vkontakte', 'https://vk.com/bankrotbalance'], [' whatsapp', 'https://wa.me/79778355805'], [' youtube', 'https://www.youtube.com/channel/UC679eR62pZ9a3oHeyaKIB5w/videos']]
Современная Защита; Москва;8 (800) 301-48-71;http://sovz.ru/;[[' ok', 'https://ok.ru/group/53567870664904'], [' telegram', 'https://t.me/sovz_ru'], [' youtube', 'https://www.youtube.com/channel/UCjGwtt9SB5AS8J0r5zk8i6Q']]
Экспертно-правовой центр; Альметьевск;+7 (950) 949-44-35;https://epcrt.ru/;[[' vkontakte', 'https://vk.com/club74531581'], [' youtube', 'https://youtube.com/@epcrt']]
Гарант; Москва;+7 (495) 120-59-98;https://garantlc.ru/;[[' telegram', 'https://t.me/uk_garant'], [' vkontakte', 'https://vk.com/garantlc'], [' whatsapp', 'https://wa.me/79148427842']]
БоссБанкрот; Уфа;+7 (927) 945-47-03;https://bossbankrot.ru/;[[' telegram', 'https://t.me/bossbankrot'], [' vkontakte', 'https://vk.com/probankrotctvo'], [' whatsapp', 'https://wa.me/79279454703'], [' youtube', 'https://youtube.com/@Bossbankrot']]
Адвокат Великий О.В.; Москва;+7 (901) 417-38-23;http://advocatvelikiy.ru/;[[' whatsapp', 'https://wa.me/79168065424']]
Правосудие; Курск;+7 (4712) 77-02-65;https://юц-правосудие.рф/;[[' ok', 'https://ok.ru/uc.pravosudie'], [' telegram', 'https://t.me/uc_pravosudie31'], [' viber', 'https://viber.click/79513236836'], [' vkontakte', 'https://vk.com/uc_pravosudie'], [' whatsapp', 'https://wa.me/79513236836'], [' youtube', 'https://www.youtube.com/@uc-pravosudie31']]
Инока; Москва;+7 (495) 124-80-69;https://inoka.ru/;[[' telegram', 'https://t.me/vladimir_inoka'], [' whatsapp', 'https://wa.me/79995772888'], [' youtube', 'https://www.youtube.com/@user-xe1nz2uo3u']]
Шалаевский и партнеры; Вологда;+7 (911) 501-08-88;;[[' ok', 'https://ok.ru/nikolay.shalaevsky'], [' telegram', 'https://t.me/89115010888'], [' viber', 'https://viber.click/89115010888'], [' vkontakte', 'https://vk.com/vk500888'], [' whatsapp', 'https://wa.me/89115010888'], [' youtube', 'https://www.youtube.com/channel/UCdf-x20RNpC6KjCdfPAwWDA']]
Адвокат С. Г. Лыткин; Москва;+7 (916) 872-35-05;http://www.sudprof.ru/;[]
АВТ Консалтинг; Москва;+7 (495) 120-32-68;https://www.avtconsulting.ru/;[[' vkontakte', 'https://vk.com/club160728496'], [' youtube', 'https://www.youtube.com/channel/UCXSj9KOW9aGEOzOeCCNH4Pw']]
Династия; Москва;+7 (916) 191-18-70;https://dinasti9.com/;[[' youtube', 'http://youtube.com/channel/UC7WiDnSVAKEuxVvYyQ22zFg'], [' ok', 'https://ok.ru/group/58861068812386'], [' telegram', 'https://t.me/ngrigory'], [' whatsapp', 'https://wa.me/79161911870']]
Правовая защита заемщиков; Чебоксары;8 (800) 444-30-21;https://moepravo.org/;[[' ok', 'https://ok.ru/moe.pravo'], [' telegram', 'https://t.me/moepravo_cheb21'], [' viber', 'https://viber.click/79373841484'], [' vkontakte', 'https://vk.com/moepravo_cheb'], [' whatsapp', 'https://wa.me/79373841484'], [' youtube', 'https://www.youtube.com/@moe_pravo']]
Право61; Ростов-на-Дону;+7 (863) 322-60-47;http://pravo61.ru/;[[' ok', 'http://www.odnoklassniki.ru/pravo61'], [' youtube', 'http://youtube.com/@Pravo61'], [' telegram', 'https://t.me/Pravo61'], [' vkontakte', 'https://vk.com/pravo61'], [' whatsapp', 'https://wa.me/79185551661']]
Финон; Москва;+7 (499) 681-62-25;http://finon127.ru/;[[' telegram', 'https://t.me/finon127'], [' vkontakte', 'https://vk.com/finon127'], [' whatsapp', 'https://wa.me/79017699967']]
Выход есть; Тула;+7 (4872) 71-75-92;https://vihod-est.ru/;[[' vkontakte', 'http://vk.com/bankrotstvo71'], [' youtube', 'https://www.youtube.com/channel/UCatSYDPMVkiZJTCvR7slC8A']]
Юридическая компания Давыдовского; Москва;+7 (915) 062-22-11;https://www.dvdv.me/;[[' viber', 'https://viber.click/79150622211'], [' vkontakte', 'https://vk.com/id582447722'], [' whatsapp', 'https://wa.me/79150622211']]
2Лекс; Москва;8 (800) 600-87-49;https://2lex.ru/;[[' ok', 'https://ok.ru/group/54730041458804'], [' vkontakte', 'https://vk.com/bankrotstvo_fizicheskih_lits'], [' youtube', 'https://www.youtube.com/channel/UCuiRlLDJhI1cpVNsFmeR2uQ']]
Хелп Консалтинг; Москва;+7 (495) 150-07-65;https://h-cons.ru/;[[' telegram', 'https://t.me/h_cons_ru'], [' vkontakte', 'https://vk.com/ddu_help'], [' whatsapp', 'https://wa.me/79854872211'], [' youtube', 'https://www.youtube.com/c/helpddu']]
Финлекс; Самара;+7 (927) 212-77-44;http://финлекс.рф/;[[' vkontakte', 'http://vk.com/ffinlex'], [' whatsapp', 'https://wa.me/79272127744'], [' youtube', 'https://www.youtube.com/watch?v=G6vUrF5g8X4']]
Юридическая служба Альфа-М; Москва;+7 (915) 136-06-55;https://juridicheskaja-sluzhba-alfa-m.clients.site/;[]
Юстэк; Волгоград;+7 (902) 360-94-46;https://yustek.ru/;[[' ok', 'http://ok.ru/group/58740495417409'], [' vkontakte', 'https://vk.com/yustek'], [' whatsapp', 'https://wa.me/79023609446']]
Бизнес-юрист; Краснодар;8 (800) 600-37-40;https://b-urist.ru/;[[' ok', 'https://ok.ru/burist'], [' telegram', 'https://t.me/bankrotstvo_grazhdann'], [' vkontakte', 'https://vk.com/bankrotstvo_grazhdan'], [' youtube', 'https://www.youtube.com/channel/UCCCkQ5vJhZrWLoWUpESMT2A']]
Банкрот Баланс; Орехово-Зуево;+7 (901) 731-58-75;http://bankrotbalance.ru/;[[' ok', 'https://ok.ru/aleksey.ragulsky'], [' telegram', 'https://t.me/79778355805'], [' viber', 'https://viber.click/79850279721'], [' vkontakte', 'https://vk.com/bankrotbalance'], [' whatsapp', 'https://wa.me/79778355805'], [' youtube', 'https://www.youtube.com/channel/UC679eR62pZ9a3oHeyaKIB5w/videos']]
Современная Защита; Москва;8 (800) 301-48-71;http://sovz.ru/;[[' ok', 'https://ok.ru/group/53567870664904'], [' telegram', 'https://t.me/sovz_ru'], [' youtube', 'https://www.youtube.com/channel/UCjGwtt9SB5AS8J0r5zk8i6Q']]
Экспертно-правовой центр; Альметьевск;+7 (950) 949-44-35;https://epcrt.ru/;[[' vkontakte', 'https://vk.com/club74531581'], [' youtube', 'https://youtube.com/@epcrt']]
Гарант; Москва;+7 (495) 120-59-98;https://garantlc.ru/;[[' telegram', 'https://t.me/uk_garant'], [' vkontakte', 'https://vk.com/garantlc'], [' whatsapp', 'https://wa.me/79148427842']]
БоссБанкрот; Уфа;+7 (927) 945-47-03;https://bossbankrot.ru/;[[' telegram', 'https://t.me/bossbankrot'], [' vkontakte', 'https://vk.com/probankrotctvo'], [' whatsapp', 'https://wa.me/79279454703'], [' youtube', 'https://youtube.com/@Bossbankrot']]
Адвокат Великий О.В.; Москва;+7 (901) 417-38-23;http://advocatvelikiy.ru/;[[' whatsapp', 'https://wa.me/79168065424']]
Правосудие; Курск;+7 (4712) 77-02-65;https://юц-правосудие.рф/;[[' ok', 'https://ok.ru/uc.pravosudie'], [' telegram', 'https://t.me/uc_pravosudie31'], [' viber', 'https://viber.click/79513236836'], [' vkontakte', 'https://vk.com/uc_pravosudie'], [' whatsapp', 'https://wa.me/79513236836'], [' youtube', 'https://www.youtube.com/@uc-pravosudie31']]
Инока; Москва;+7 (495) 124-80-69;https://inoka.ru/;[[' telegram', 'https://t.me/vladimir_inoka'], [' whatsapp', 'https://wa.me/79995772888'], [' youtube', 'https://www.youtube.com/@user-xe1nz2uo3u']]
Шалаевский и партнеры; Вологда;+7 (911) 501-08-88;;[[' ok', 'https://ok.ru/nikolay.shalaevsky'], [' telegram', 'https://t.me/89115010888'], [' viber', 'https://viber.click/89115010888'], [' vkontakte', 'https://vk.com/vk500888'], [' whatsapp', 'https://wa.me/89115010888'], [' youtube', 'https://www.youtube.com/channel/UCdf-x20RNpC6KjCdfPAwWDA']]
Адвокат С. Г. Лыткин; Москва;+7 (916) 872-35-05;http://www.sudprof.ru/;[]
АВТ Консалтинг; Москва;+7 (495) 120-32-68;https://www.avtconsulting.ru/;[[' vkontakte', 'https://vk.com/club160728496'], [' youtube', 'https://www.youtube.com/channel/UCXSj9KOW9aGEOzOeCCNH4Pw']]
Династия; Москва;+7 (916) 191-18-70;https://dinasti9.com/;[[' youtube', 'http://youtube.com/channel/UC7WiDnSVAKEuxVvYyQ22zFg'], [' ok', 'https://ok.ru/group/58861068812386'], [' telegram', 'https://t.me/ngrigory'], [' whatsapp', 'https://wa.me/79161911870']]
Первая правовая помощь; Уфа;+7 (903) 310-10-30;;[[' telegram', 'https://t.me/pervoepravo'], [' viber', 'https://viber.click/79033101030'], [' vkontakte', 'https://vk.com/pervoe_pravo'], [' whatsapp', 'https://wa.me/79033101030']]
Ваш адвокат; Москва;+7 (901) 417-99-83;https://advokat-gareev-a-r.clients.site/;[[' telegram', 'https://t.me/a2kaat'], [' whatsapp', 'https://wa.me/79997117555']]
Юридическая компания Давыдовского; Москва;+7 (915) 062-22-11;https://www.dvdv.me/;[[' viber', 'https://viber.click/79150622211'], [' vkontakte', 'https://vk.com/id582447722'], [' whatsapp', 'https://wa.me/79150622211']]
2Лекс; Москва;8 (800) 600-87-49;https://2lex.ru/;[[' ok', 'https://ok.ru/group/54730041458804'], [' vkontakte', 'https://vk.com/bankrotstvo_fizicheskih_lits'], [' youtube', 'https://www.youtube.com/channel/UCuiRlLDJhI1cpVNsFmeR2uQ']]
Хелп Консалтинг; Москва;+7 (495) 150-07-65;https://h-cons.ru/;[[' telegram', 'https://t.me/h_cons_ru'], [' vkontakte', 'https://vk.com/ddu_help'], [' whatsapp', 'https://wa.me/79854872211'], [' youtube', 'https://www.youtube.com/c/helpddu']]
Финлекс; Самара;+7 (927) 212-77-44;http://финлекс.рф/;[[' vkontakte', 'http://vk.com/ffinlex'], [' whatsapp', 'https://wa.me/79272127744'], [' youtube', 'https://www.youtube.com/watch?v=G6vUrF5g8X4']]
Юридическая служба Альфа-М; Москва;+7 (915) 136-06-55;https://juridicheskaja-sluzhba-alfa-m.clients.site/;[]
Юстэк; Волгоград;+7 (902) 360-94-46;https://yustek.ru/;[[' ok', 'http://ok.ru/group/58740495417409'], [' vkontakte', 'https://vk.com/yustek'], [' whatsapp', 'https://wa.me/79023609446']]
Бизнес-юрист; Краснодар;8 (800) 600-37-40;https://b-urist.ru/;[[' ok', 'https://ok.ru/burist'], [' telegram', 'https://t.me/bankrotstvo_grazhdann'], [' vkontakte', 'https://vk.com/bankrotstvo_grazhdan'], [' youtube', 'https://www.youtube.com/channel/UCCCkQ5vJhZrWLoWUpESMT2A']]
Банкрот Баланс; Орехово-Зуево;+7 (901) 731-58-75;http://bankrotbalance.ru/;[[' ok', 'https://ok.ru/aleksey.ragulsky'], [' telegram', 'https://t.me/79778355805'], [' viber', 'https://viber.click/79850279721'], [' vkontakte', 'https://vk.com/bankrotbalance'], [' whatsapp', 'https://wa.me/79778355805'], [' youtube', 'https://www.youtube.com/channel/UC679eR62pZ9a3oHeyaKIB5w/videos']]
Современная Защита; Москва;8 (800) 301-48-71;http://sovz.ru/;[[' ok', 'https://ok.ru/group/53567870664904'], [' telegram', 'https://t.me/sovz_ru'], [' youtube', 'https://www.youtube.com/channel/UCjGwtt9SB5AS8J0r5zk8i6Q']]
Экспертно-правовой центр; Альметьевск;+7 (950) 949-44-35;https://epcrt.ru/;[[' vkontakte', 'https://vk.com/club74531581'], [' youtube', 'https://youtube.com/@epcrt']]
Гарант; Москва;+7 (495) 120-59-98;https://garantlc.ru/;[[' telegram', 'https://t.me/uk_garant'], [' vkontakte', 'https://vk.com/garantlc'], [' whatsapp', 'https://wa.me/79148427842']]
БоссБанкрот; Уфа;+7 (927) 945-47-03;https://bossbankrot.ru/;[[' telegram', 'https://t.me/bossbankrot'], [' vkontakte', 'https://vk.com/probankrotctvo'], [' whatsapp', 'https://wa.me/79279454703'], [' youtube', 'https://youtube.com/@Bossbankrot']]
Адвокат Великий О.В.; Москва;+7 (901) 417-38-23;http://advocatvelikiy.ru/;[[' whatsapp', 'https://wa.me/79168065424']]
Правосудие; Курск;+7 (4712) 77-02-65;https://юц-правосудие.рф/;[[' ok', 'https://ok.ru/uc.pravosudie'], [' telegram', 'https://t.me/uc_pravosudie31'], [' viber', 'https://viber.click/79513236836'], [' vkontakte', 'https://vk.com/uc_pravosudie'], [' whatsapp', 'https://wa.me/79513236836'], [' youtube', 'https://www.youtube.com/@uc-pravosudie31']]
Инока; Москва;+7 (495) 124-80-69;https://inoka.ru/;[[' telegram', 'https://t.me/vladimir_inoka'], [' whatsapp', 'https://wa.me/79995772888'], [' youtube', 'https://www.youtube.com/@user-xe1nz2uo3u']]
Шалаевский и партнеры; Вологда;+7 (911) 501-08-88;;[[' ok', 'https://ok.ru/nikolay.shalaevsky'], [' telegram', 'https://t.me/89115010888'], [' viber', 'https://viber.click/89115010888'], [' vkontakte', 'https://vk.com/vk500888'], [' whatsapp', 'https://wa.me/89115010888'], [' youtube', 'https://www.youtube.com/channel/UCdf-x20RNpC6KjCdfPAwWDA']]
Адвокат С. Г. Лыткин; Москва;+7 (916) 872-35-05;http://www.sudprof.ru/;[]
АВТ Консалтинг; Москва;+7 (495) 120-32-68;https://www.avtconsulting.ru/;[[' vkontakte', 'https://vk.com/club160728496'], [' youtube', 'https://www.youtube.com/channel/UCXSj9KOW9aGEOzOeCCNH4Pw']]
Династия; Москва;+7 (916) 191-18-70;https://dinasti9.com/;[[' youtube', 'http://youtube.com/channel/UC7WiDnSVAKEuxVvYyQ22zFg'], [' ok', 'https://ok.ru/group/58861068812386'], [' telegram', 'https://t.me/ngrigory'], [' whatsapp', 'https://wa.me/79161911870']]
Первая правовая помощь; Уфа;+7 (903) 310-10-30;;[[' telegram', 'https://t.me/pervoepravo'], [' viber', 'https://viber.click/79033101030'], [' vkontakte', 'https://vk.com/pervoe_pravo'], [' whatsapp', 'https://wa.me/79033101030']]
Ваш адвокат; Москва;+7 (901) 417-99-83;https://advokat-gareev-a-r.clients.site/;[[' telegram', 'https://t.me/a2kaat'], [' whatsapp', 'https://wa.me/79997117555']]
ФЦБ; Курск;+7 (4712) 23-90-03;https://фцб.рф/kursk?utm_source=yamaps_uk;[[' telegram', 'https://t.me/fedcentrbankrotctva'], [' vkontakte', 'https://vk.com/fcb_bfl'], [' whatsapp', 'https://wa.me/797872701010']]
Центр Банкротства Граждан; Волгоград;+7 (8442) 60-92-92;https://kreditanet.ru/;[[' vkontakte', 'http://vk.com/kreditanet34'], [' ok', 'https://ok.ru/kreditanet34'], [' telegram', 'https://t.me/kreditanet134'], [' viber', 'https://viber.click/79627599292'], [' whatsapp', 'https://wa.me/79627599292'], [' youtube', 'https://www.youtube.com/c/ЦентрБанкротстваГраждан']]
Фабрика Права; Белгород;+7 (4722) 77-72-16;https://fabrika-prava.ru/;[[' ok', 'https://ok.ru/fabrikaprava'], [' telegram', 'https://t.me/Fabrika_Prava'], [' vkontakte', 'https://vk.com/fabrikaprava_ru'], [' whatsapp', 'https://wa.me/79107416076'], [' youtube', 'https://www.youtube.com/channel/UChtGbNCOScw525WfbaZMbCw']]
Центр списания долгов; Калуга;+7 (924) 914-02-44;https://служба-списания-долгов.рф/;[[' ok', 'https://ok.ru/group/57400711381168'], [' telegram', 'https://t.me/Bankrot40'], [' vkontakte', 'https://vk.com/csdkaluga'], [' whatsapp', 'https://wa.me/79200974500'], [' youtube', 'https://www.youtube.com/channel/UCISAH63eNUHxujrRHYfjXXw']]
Юстэк; Волгоград;+7 (902) 360-94-46;https://yustek.ru/;[[' ok', 'http://ok.ru/group/58740495417409'], [' vkontakte', 'https://vk.com/yustek'], [' whatsapp', 'https://wa.me/79023609446']]
Бизнес-юрист; Краснодар;8 (800) 600-37-40;https://b-urist.ru/;[[' ok', 'https://ok.ru/burist'], [' telegram', 'https://t.me/bankrotstvo_grazhdann'], [' vkontakte', 'https://vk.com/bankrotstvo_grazhdan'], [' youtube', 'https://www.youtube.com/channel/UCCCkQ5vJhZrWLoWUpESMT2A']]
Банкрот Баланс; Орехово-Зуево;+7 (901) 731-58-75;http://bankrotbalance.ru/;[[' ok', 'https://ok.ru/aleksey.ragulsky'], [' telegram', 'https://t.me/79778355805'], [' viber', 'https://viber.click/79850279721'], [' vkontakte', 'https://vk.com/bankrotbalance'], [' whatsapp', 'https://wa.me/79778355805'], [' youtube', 'https://www.youtube.com/channel/UC679eR62pZ9a3oHeyaKIB5w/videos']]
Современная Защита; Москва;8 (800) 301-48-71;http://sovz.ru/;[[' ok', 'https://ok.ru/group/53567870664904'], [' telegram', 'https://t.me/sovz_ru'], [' youtube', 'https://www.youtube.com/channel/UCjGwtt9SB5AS8J0r5zk8i6Q']]
Экспертно-правовой центр; Альметьевск;+7 (950) 949-44-35;https://epcrt.ru/;[[' vkontakte', 'https://vk.com/club74531581'], [' youtube', 'https://youtube.com/@epcrt']]
Гарант; Москва;+7 (495) 120-59-98;https://garantlc.ru/;[[' telegram', 'https://t.me/uk_garant'], [' vkontakte', 'https://vk.com/garantlc'], [' whatsapp', 'https://wa.me/79148427842']]
БоссБанкрот; Уфа;+7 (927) 945-47-03;https://bossbankrot.ru/;[[' telegram', 'https://t.me/bossbankrot'], [' vkontakte', 'https://vk.com/probankrotctvo'], [' whatsapp', 'https://wa.me/79279454703'], [' youtube', 'https://youtube.com/@Bossbankrot']]
Адвокат Великий О.В.; Москва;+7 (901) 417-38-23;http://advocatvelikiy.ru/;[[' whatsapp', 'https://wa.me/79168065424']]
Правосудие; Курск;+7 (4712) 77-02-65;https://юц-правосудие.рф/;[[' ok', 'https://ok.ru/uc.pravosudie'], [' telegram', 'https://t.me/uc_pravosudie31'], [' viber', 'https://viber.click/79513236836'], [' vkontakte', 'https://vk.com/uc_pravosudie'], [' whatsapp', 'https://wa.me/79513236836'], [' youtube', 'https://www.youtube.com/@uc-pravosudie31']]
Инока; Москва;+7 (495) 124-80-69;https://inoka.ru/;[[' telegram', 'https://t.me/vladimir_inoka'], [' whatsapp', 'https://wa.me/79995772888'], [' youtube', 'https://www.youtube.com/@user-xe1nz2uo3u']]
Шалаевский и партнеры; Вологда;+7 (911) 501-08-88;;[[' ok', 'https://ok.ru/nikolay.shalaevsky'], [' telegram', 'https://t.me/89115010888'], [' viber', 'https://viber.click/89115010888'], [' vkontakte', 'https://vk.com/vk500888'], [' whatsapp', 'https://wa.me/89115010888'], [' youtube', 'https://www.youtube.com/channel/UCdf-x20RNpC6KjCdfPAwWDA']]
Адвокат С. Г. Лыткин; Москва;+7 (916) 872-35-05;http://www.sudprof.ru/;[]
